idArtiste,nom,prénom
1,Lucas,George
2,Hamill,Mark
3,Ford,Harrison
4,Fisher,Carrie
5,Cushing,Peter
6,Daniels,Anthony
13,Brooks,Albert
31,Hanks,Tom
32,Wright,Robin
39,Mendes,Sam
40,Welles,Orson
42,von Trier,Lars
49,Bello,Maria
50,Deneuve,Catherine
53,Stormare,Peter
62,Willis,Bruce
64,Oldman,Gary
65,Holm,Ian
66,Tucker,Chris
68,Lang,Fritz
85,Depp,Johnny
99,Plummer,Amanda
103,Ruffalo,Mark
110,Mortensen,Viggo
112,Blanchett,Cate
113,Lee,Christopher
130,Baker,Kenny
131,Gyllenhaal,Jake
134,Foxx,Jamie
138,Tarantino,Quentin
139,Thurman,Uma
140,Liu,Lucy
141,Carradine,David
147,Madsen,Michael
190,Eastwood,Clint
192,Freeman,Morgan
193,Hackman,Gene
194,Harris,Richard
201,Gondry,Michel
204,Winslet,Kate
205,Dunst,Kirsten
206,Carrey,Jim
207,Wilkinson,Tom
223,González Iñárritu,Alejandro
224,Cronenberg,David
225,Holmes,Ashton
226,Hayes,Heidi
227,Hurt,William
228,Harris,Ed
240,Kubrick,Stanley
245,Dullea,Keir
246,Lockwood,Gary
247,Sylvester,William
248,Richter,Daniel
253,Rain,Douglas
258,García Bernal,Gael
287,Pitt,Brad
289,Stowe,Madeleine
290,Plummer,Christopher
335,Shannon,Michael
349,Glenn,Scott
351,Davis,Judy
368,Witherspoon,Reese
380,De Niro,Robert
488,Spielberg,Steven
500,Cruise,Tom
510,Burton,Tim
514,Nicholson,Jack
517,Brosnan,Pierce
518,DeVito,Danny
524,Portman,Natalie
525,Nolan,Christopher
526,Haas,Lukas
529,Pearce,Guy
530,Moss,Carrie-Anne
532,Pantoliano,Joe
534,Boone Junior,Mark
537,Tobolowsky,Stephen
538,Sansom Harris,Harriet
578,Scott,Ridley
585,Hauer,Rutger
586,Young,Sean
587,James Olmos,Edward
588,Emmet Walsh,M.
589,Hannah,Daryl
638,Mann,Michael
650,Allen,Karen
652,Freeman,Paul
653,Lacey,Ronald
655,Rhys-Davies,John
656,Elliott,Denholm
658,Molina,Alfred
659,Kahler,Wolf
660,Higgins,Anthony
689,Capshaw,Kate
690,Ke Quan,Jonathan
691,Puri,Amrish
693,Seth,Roshan
694,Stone,Philip
695,Chiao,Roy
738,Connery,Sean
739,Doody,Alison
740,Glover,Julian
741,Phoenix,River
780,Cox,Ronny
782,Berkoff,Steven
793,Buñuel,Luis
819,Norton,Edward
854,Stewart,James
856,Gazzara,Ben
884,Buscemi,Steve
887,Wilson,Owen
920,Prochnow,Jürgen
934,Crowe,Russell
935,Nielsen,Connie
936,Reed,Oliver
937,Jacobi,Derek
938,Hounsou,Djimon
1019,Mikkelsen,Mads
1032,Scorsese,Martin
1036,Shepherd,Cybill
1037,Keitel,Harvey
1038,Foster,Jodie
1090,McTiernan,John
1100,Schwarzenegger,Arnold
1121,del Toro,Benicio
1150,De Palma,Brian
1158,Pacino,Al
1164,Murray Abraham,F.
1223,Coen,Joel
1224,Coen,Ethan
1229,Bridges,Jeff
1231,Moore,Julianne
1243,Allen,Woody
1244,Rhys Meyers,Jonathan
1245,Johansson,Scarlett
1246,Mortimer,Emily
1248,Cox,Brian
1249,Wilton,Penelope
1270,Martin Smith,Charles
1271,García,Andy
1283,Bonham Carter,Helena
1331,Weaving,Hugo
1339,Ziyi,Zhang
1370,Dourif,Brad
1462,Blake Nelson,Tim
1466,Durning,Charles
1472,McKinnon,Ray
1532,Murray,Bill
1579,Gyllenhaal,Maggie
1614,Lee,Ang
1619,Yun-Fat,Chow
1620,Yeoh,Michelle
1622,Chen,Chang
1623,Lung,Sihung
1624,Pei-Pei,Cheng
1625,Zeng Li,Fa
1639,Watson,Emily
1640,Skarsgård,Stellan
1641,Cartlidge,Katrin
1642,Barr,Jean-Marc
1643,Rawlins,Adrian
1650,Truffaut,François
1653,Léaud,Jean-Pierre
1654,Maurier,Claire
1655,Rémy,Albert
1658,Flamant,Georges
1659,Auffay,Patrick
1736,Remar,James
1769,Coppola,Sofia
1771,Ribisi,Giovanni
1776,Ford Coppola,Francis
1810,Ledger,Heath
1811,Quaid,Randy
1812,Williams,Michelle
1813,Hathaway,Anne
1817,Cardellini,Linda
1818,Winfield,Paul
1844,Schweiger,Til
1893,Affleck,Casey
1903,Arkin,Alan
1920,Ryder,Winona
1925,Cassel,Vincent
1932,Hepburn,Audrey
1936,Balsam,Martin
1954,Zane,Billy
1972,Lavanant,Dominique
1979,Spacey,Kevin
2037,Murphy,Cillian
2038,Harris,Naomie
2087,Fleischer,Richard
2090,Douglas,Kirk
2091,Mason,James
2094,Lorre,Peter
2097,de Corsia,Ted
2109,Cattrall,Kim
2115,Smith,Kurtwood
2133,Meyer,Dina
2176,Lee Jones,Tommy
2179,Amis,Suzy
2192,Wilson,Lambert
2201,von Sydow,Max
2206,Morton,Samantha
2207,Smith,Lois
2219,Maguire,Tobey
2224,Slater,Christian
2226,Pollack,Sydney
2227,Kidman,Nicole
2228,Penn,Sean
2229,Keener,Catherine
2230,Grier,Pam
2231,L. Jackson,Samuel
2232,Keaton,Michael
2233,Fonda,Bridget
2234,Bowen,Michael
2264,Magee,Patrick
2282,Kingsley,Ben
2314,Falk,Peter
2319,de Medeiros,Maria
2352,Annaud,Jean-Jacques
2367,Qualtinger,Helmut
2368,Baskin,Elya
2369,Lonsdale,Michael
2370,Prechtel,Volker
2413,Pinon,Dominique
2440,Nighy,Bill
2449,McNally,Kevin
2524,Hardy,Tom
2535,A. Fox,Vivica
2536,Parks,Michael
2537,Chiba,Sonny
2538,Kuriyama,Chiaki
2539,Dreyfus,Julie
2559,Clouzot,Henri-Georges
2561,Argo,Victor
2565,Montand,Yves
2628,Sutherland,Kiefer
2636,Hitchcock,Alfred
2638,Grant,Cary
2639,Marie Saint,Eva
2641,Landau,Martin
2642,G. Carroll,Leo
2690,Weir,Peter
2710,Cameron,James
2712,Biehn,Michael
2713,Hamilton,Linda
2714,Henriksen,Lance
2888,Smith,Will
2954,Wright,Jeffrey
2963,Cage,Nicolas
2969,Penn,Chris
2975,Fishburne,Laurence
2978,Minghella,Max
3001,Veidt,Conrad
3017,Williams,Samm-Art
3037,Dreyfuss,Richard
3041,Bell,Marshall
3051,Collette,Toni
3061,McGregor,Ewan
3063,Swinton,Tilda
3084,Brando,Marlon
3085,Caan,James
3086,S. Castellano,Richard
3087,Duvall,Robert
3088,Hayden,Sterling
3090,Conte,Richard
3092,Keaton,Diane
3094,Shire,Talia
3096,Cazale,John
3129,Roth,Tim
3137,Calderon,Paul
3142,Marley,John
3146,Wilder,Billy
3149,Monroe,Marilyn
3150,Curtis,Tony
3151,Lemmon,Jack
3152,Raft,George
3155,O’Brien,Pat
3171,Strasberg,Lee
3172,V. Gazzo,Michael
3173,D. Spradlin,G.
3174,Bright,Richard
3196,Lewis,Juliette
3197,Sizemore,Tom
3203,Means,Russell
3206,Baltz,Kirk
3229,Howard,Arliss
3265,Wallach,Eli
3266,Mantegna,Joe
3267,Hamilton,George
3268,Vallone,Raf
3291,Grant,Hugh
3292,Hoult,Nicholas
3293,Weisz,Rachel
3336,Gray,Coleen
3337,Edwards,Vince
3338,C. Flippen,Jay
3339,Cook Jr.,Elisha
3359,Olivier,Laurence
3360,Fontaine,Joan
3361,Sanders,George
3362,Anderson,Judith
3363,Bruce,Nigel
3364,Denny,Reginald
3381,Ford,Glenn
3391,Turner,Kathleen
3489,Watts,Naomi
3490,Brody,Adrien
3491,Kretschmann,Thomas
3497,Chandler,Kyle
3540,Coutard,Raoul
3556,Polanski,Roman
3573,Boulanger,Daniel
3710,Woolvett,Jaimz
3711,Levine,Anna
3712,Rubinek,Saul
3713,Fisher,Frances
3776,Godard,Jean-Luc
3783,Bardot,Brigitte
3784,Piccoli,Michel
3785,Palance,Jack
3786,Moll,Giorgia
3799,Dee Williams,Billy
3810,Bardem,Javier
3829,Belmondo,Jean-Paul
3830,Seberg,Jean
3831,Melville,Jean-Pierre
3857,Edwall,Allan
3872,Brühl,Daniel
3894,Bale,Christian
3895,Caine,Michael
3896,Neeson,Liam
3897,Holmes,Katie
3899,Watanabe,Ken
3905,H. Macy,William
3906,Rudrüd,Kristin
3910,McDormand,Frances
3926,Finney,Albert
3950,Wiseman,Len
3968,Sheen,Michael
3974,Forman,Miloš
4038,Sarandon,Susan
4070,Kelly,Grace
4078,Van Cleef,Lee
4091,MacMurray,Fred
4109,Curtiz,Michael
4110,Bogart,Humphrey
4111,Bergman,Ingrid
4112,Henreid,Paul
4113,Rains,Claude
4114,Greenstreet,Sydney
4135,Redford,Robert
4139,Skerritt,Tom
4173,Hopkins,Anthony
4251,Mahoney,John
4273,Gainsbourg,Charlotte
4342,Konstantin,Leopoldine
4343,Calhern,Louis
4385,Leone,Sergio
4415,Fellini,Federico
4430,Stone,Sharon
4443,McDonald,Christopher
4483,Hoffman,Dustin
4495,Carell,Steve
4512,Woods,James
4517,Pesci,Joe
4566,Rickman,Alan
4690,Walken,Christopher
4765,Robards,Jason
4776,Murphy,Michael
4778,Dillon,Melinda
4783,Neill,Sam
4784,Dern,Laura
4785,Goldblum,Jeff
4786,Attenborough,Richard
4789,Peck,Bob
4790,Ferrero,Martin
4800,Rowlands,Gena
4808,Esposito,Giancarlo
4924,Semmelrogge,Martin
4935,Postlethwaite,Pete
4937,Vaughn,Vince
4970,Gordon,Ruth
5006,Eginton,Madison
5007,Sawiris,Jackie
5026,Kurosawa,Akira
5047,Cartwright,Veronica
5048,Dean Stanton,Harry
5049,Hurt,John
5064,Streep,Meryl
5081,Blunt,Emily
5168,Byrne,Gabriel
5228,Grönemeyer,Herbert
5229,Wennemann,Klaus
5230,Bengsch,Hubertus
5231,Petersen,Wolfgang
5249,Marshall,E.G.
5251,Warden,Jack
5266,Vogler,Rüdiger
5293,Dafoe,Willem
5309,Dench,Judi
5443,Lindon,Vincent
5469,Fiennes,Ralph
5563,Coburn,James
5576,Kilmer,Val
5602,Lynch,David
5658,Gambon,Michael
5676,Mastroianni,Marcello
5682,Aimée,Anouk
5694,Forster,Robert
5698,Tandy,Jessica
5723,Leguizamo,John
5729,Novak,Kim
5730,Bel Geddes,Barbara
5813,Giuffrè,Aldo
5814,Pistilli,Luigi
5942,Gordon,Barbara
5961,Ekberg,Anita
5962,Furneaux,Yvonne
5963,Noël,Magali
6020,Podalydès,Denis
6068,Ward,Sela
6159,Howard,Ron
6163,Goldberg,Adam
6193,DiCaprio,Leonardo
6200,Venora,Diane
6349,J. Pakula,Alan
6355,Scheider,Roy
6368,Davidtz,Embeth
6383,Eckhart,Aaron
6384,Reeves,Keanu
6413,Huston,Danny
6431,Aronofsky,Darren
6450,Dunaway,Faye
6486,Hedaya,Dan
6487,Roundtree,Richard
6548,Renauld,Isabelle
6574,Brown,Clancy
6585,Haney-Jardine,Perla
6593,Huston,John
6637,Finlay,Frank
6638,Lipman,Maureen
6639,Fox,Emilia
6648,Bergman,Ingmar
6649,Björnstrand,Gunnar
6657,Andersson,Bibi
6692,Goodall,Caroline
6693,Sagall,Jonathan
6719,Wise,Ray
6804,Greene,Graham
6807,Rockwell,Sam
6832,Leo,Melissa
6837,Matthau,Walter
6856,Russell,Kurt
6885,Theron,Charlize
6886,Ricci,Christina
6929,Hedren,Tippi
6937,Tierney,Lawrence
6938,Brooks,Randy
6939,Bunker,Edward
6941,Diaz,Cameron
6968,Jackman,Hugh
6972,McShane,Ian
7004,Sorvino,Paul
7036,Stoltz,Eric
7037,Anglade,Jean-Hugues
7056,Thompson,Emma
7071,Fletcher,Louise
7072,Redfield,William
7077,Crothers,Scatman
7166,Pollak,Kevin
7167,Rickles,Don
7169,King,Alan
7248,Curtis,Cliff
7276,Consigny,Anne
7288,Brizé,Stéphane
7301,Perkins,Anthony
7302,Leigh,Janet
7303,Miles,Vera
7304,Gavin,John
7396,Farrelly,Peter
7447,Baldwin,Alec
7450,Mifune,Toshirō
7451,Kyō,Machiko
7452,Mori,Masayuki
7453,Shimura,Takashi
7454,Chiaki,Minoru
7467,Fincher,David
7470,Loaf,Meat
7499,Leto,Jared
7502,Borgnine,Ernest
7572,Hoffman,Thom
7623,Raimi,Sam
7664,Cotten,Joseph
7672,VelJohnson,Reginald
7673,Bedelia,Bonnie
7674,Godunov,Alexander
7676,Atherton,William
7683,Corey,Wendell
7684,Ritter,Thelma
7685,Burr,Raymond
7795,Henry,Buck
7803,Berkel,Christian
7908,Oz,Frank
8197,Koch,Sebastian
8229,Taylor,Rod
8237,Day,Doris
8238,De Banzie,Brenda
8239,Miles,Bernard
8240,Mowbray,Alan
8252,Holden,William
8289,Crudup,Billy
8293,Cotillard,Marion
8349,Sheen,Martin
8350,Bottoms,Sam
8351,Forrest,Frederic
8354,Hall,Albert
8434,Williams,Cindy
8436,Richardson,Miranda
8437,Garr,Teri
8452,Tarkovsky,Andrei
8474,Järvet,Jüri
8475,Solonitsyn,Anatoliy
8534,Bates,Kathy
8535,Stuart,Gloria
8536,Garber,Victor
8557,Meirelles,Fernando
8606,Shaw,Robert
8607,Gary,Lorraine
8608,Hamilton,Murray
8629,Swanson,Gloria
8630,von Stroheim,Erich
8631,Olson,Nancy
8632,Clark,Fred
8635,Keaton,Buster
8655,Lee Ermey,R.
8724,Flynn,Errol
8725,de Havilland,Olivia
8726,Knowles,Patric
8784,Craig,Daniel
8789,Amalric,Mathieu
8857,Reynolds,Debbie
8891,Travolta,John
8925,Seigner,Emmanuelle
8975,Waterston,Sam
9015,Macdonald,Kelly
9032,Singer,Bryan
9045,Baldwin,Stephen
9046,Palminteri,Chazz
9205,Richards,Denise
9273,Adams,Amy
9339,Wachowski,Lilly
9340,Wachowski,Lana
9364,Foster,Gloria
9443,Bakaitis,Helmut
9575,Pinkett Smith,Jada
9762,Sorel,Jean
9824,Kruger,Diane
9880,Shepard,Sam
9920,Celi,Adolfo
9976,Thomas,Henry
9978,MacNaughton,Robert
9979,Coyote,Peter
10001,Wyler,William
10017,Heston,Charlton
10018,Hawkins,Jack
10019,Harareet,Haya
10020,Boyd,Stephen
10021,Griffith,Hugh
10127,Voight,Jon
10182,Rhames,Ving
10205,Weaver,Sigourney
10262,Ferréol,Andréa
10297,McConaughey,Matthew
10401,Danner,Blythe
10409,Duvall,Shelley
10410,Lloyd,Danny
10411,Nelson,Barry
10447,Hemingway,Mariel
10477,Dzundza,George
10491,Verhoeven,Paul
10555,Roberts,Tony
10556,Kane,Carol
10557,Simon,Paul
10647,Maria Brandauer,Klaus
10648,Kitchen,Michael
10649,Bowens,Malick
10650,Thiaka,Joseph
10651,Kinyanjui,Stephen
10702,Campbell,Martin
10767,Hershey,Barbara
10768,Ticotin,Rachel
10774,Bancroft,Anne
10814,Snipes,Wesley
10823,Kristofferson,Kris
10885,Tsang,Kenneth
10912,Green,Eva
10921,Laughton,Charles
10924,Daniell,Henry
10930,Kershner,Irvin
11027,Sloane,Everett
11065,Brimley,Wilford
11066,Holbrook,Hal
11084,McGillis,Kelly
11086,Ironside,Michael
11141,Draper,Fred
11147,Cassavetes,John
11148,Allen,Joan
11187,de Funès,Louis
11195,Oury,Gérard
11281,Cusack,Sinéad
11367,Whitford,Bradley
11401,Woo,John
11477,Liotta,Ray
11478,Bracco,Lorraine
11480,Sivero,Frank
11482,Darrow,Tony
11528,Renoir,Jean
11535,Dubost,Paulette
11544,Gabin,Jean
11545,Parlo,Dita
11546,Fresnay,Pierre
11548,Péclet,Georges
11616,Williams,Olivia
11703,Washington,Kerry
11770,Carpenter,John
11783,Houseman,John
11852,Jaffrey,Saeed
11856,Day-Lewis,Daniel
11857,Gielgud,John
11885,C. McGinley,John
11916,Ullmann,Liv
11917,Krook,Margaretha
11983,Resnais,Alain
12021,Farrow,Mia
12022,Blackmer,Sidney
12023,Evans,Maurice
12052,Paltrow,Gwyneth
12111,Timberlake,Justin
12114,Cimino,Michael
12248,Guinness,Alec
12250,Donald,James
12266,Signoret,Simone
12267,Meurisse,Paul
12295,Lopez,Perry
12296,Hillerman,John
12322,Widmann,Ellen
12323,Landgut,Inge
12324,Wernicke,Otto
12406,Le Mat,Paul
12407,Clark,Candy
12422,Weaver,Dennis
12423,Firestone,Eddie
12438,Balaban,Bob
12439,Patrick McNamara,J.
12440,J. Kemmerling,Warren
12452,Douglas,Shirley
12497,Granger,Farley
12498,Roman,Ruth
12499,Walker,Robert
12500,Hitchcock,Patricia
12501,Lorne,Marion
12505,Rogers,Kasey
12518,Jordan,Richard
12647,Mueller-Stahl,Armin
12716,Carlson,Leslie
12773,Galvani,Graziella
12833,Burns,Edward
12834,Pepper,Barry
12835,Diesel,Vin
12950,Kennedy,George
12989,Davis,Andrew
13023,Camp,Colleen
13284,Donen,Stanley
13294,Kelly,Gene
13295,O'Connor,Donald
13296,Hagen,Jean
13297,Mitchell,Millard
13325,Hiller,Wendy
13566,G. Robinson,Edward
13568,Blondell,Joan
13724,Alexander,Jane
13726,Beatty,Ned
13848,Chaplin,Charlie
14016,MacGowran,Jack
14027,Goddard,Paulette
14028,Oakie,Jack
14029,Gardiner,Reginald
14242,Servais,Jean
14276,Maria Volonté,Gian
14299,May Whitty,Dame
14364,Sanford,Erskine
14438,Bergman,Henry
14500,Simmons,Jean
14501,Ustinov,Peter
14541,Sarandon,Chris
14562,Meeker,Ralph
14563,Menjou,Adolphe
14564,Macready,George
14565,Morris,Wayne
14698,Ann Miller,Penelope
14792,Sommer,Josef
14812,Moreau,Jeanne
14888,McGill,Bruce
14974,Stanwyck,Barbara
14975,Hall,Porter
14976,Gaines,Richard
14977,Heather,Jean
15007,Harring,Laura
15008,Miller,Ann
15009,Theroux,Justin
15011,Briscoe,Brent
15033,Long,Justin
15135,Delon,Alain
15152,Earl Jones,James
15200,Birkin,Jane
15344,Abrams,J.J.
15370,Mol,Gretchen
15397,Ventura,Lino
15411,K. Carter,T.
15412,Clennon,David
15481,Basler,Marianne
15854,Levine,Ted
15860,Ferrer,Miguel
16214,Van Peebles,Mario
16293,Heald,Anthony
16294,Demme,Jonathan
16475,Reynolds,Burt
16560,Caruso,David
16702,Harris,Sean
16828,Evans,Chris
16847,Roth,Eli
16851,Brolin,Josh
16861,Hawkes,John
16927,Depardieu,Gérard
16935,Davis,Geena
16938,Harlin,Renny
16940,Irons,Jeremy
16959,Dayton,Jonathan
16960,Faris,Valerie
16972,López,Sergi
17029,Borgeaud,Nelly
17051,Franco,James
17052,Grace,Topher
17140,Breslin,Abigail
17141,Kinnear,Greg
17142,Dano,Paul
17236,Cook,A.J.
17238,Hayman,Leslie
17244,Christensen,Hayden
17288,Fassbender,Michael
17380,Chou,Jay
17419,Cranston,Bryan
17476,Wight,Peter
17477,Walter,Harriet
17483,Maloney,Michael
17484,Crowley,Dermot
17496,Audiard,Jacques
17497,Duris,Romain
17498,Arestrup,Niels
17499,Zaccaï,Jonathan
17500,Cohen,Gilles
17605,Elba,Idris
17882,Huppert,Isabelle
18054,Kikuchi,Rinko
18082,Olyphant,Timothy
18175,Moll,Dominik
18177,Dussollier,André
18178,Lucas,Laurent
18197,Karina,Anna
18216,Werner,Oskar
18217,Serre,Henri
18218,Dubois,Marie
18563,Lautner,Georges
18778,Poiret,Jean
18809,Dorléac,Françoise
18870,Glass,Ned
18966,Frank,Horst
18973,Kunis,Mila
18998,Harris,Rosemary
19077,Legrand,Xavier
19115,Đan Phạm,Linh
19116,Atika,Aure
19117,Devos,Emmanuelle
19119,Laurent,Mélanie
19153,Robertson,Cliff
19159,Haden Church,Thomas
19162,Cassel,Jean-Pierre
19274,Rogen,Seth
19360,Drucker,Léa
19361,de Montalembert,Thibault
19426,Coogan,Jackie
19498,Bernthal,Jon
19613,Marshall,Mike
19647,Dalban,Robert
19665,Boorman,John
19800,Marquand,Richard
19866,Canet,Guillaume
20030,Perrin,Jacques
20211,Getz,John
20309,Yoakam,Dwight
20420,Sanders,Dirk
20425,Sumpter,Donald
20738,Kang-ho,Song
20767,Mathis,Samantha
20769,Stubbs,Imogen
20828,Inaba,Yoshio
20829,Miyaguchi,Seiji
20851,Azéma,Sabine
20945,Jourdan,Catherine
21045,Q,Maggie
21171,Jugnot,Gérard
21175,Blanc,Michel
21177,Lhermitte,Thierry
21301,Purviance,Edna
21399,Silver,Ron
21669,Lioret,Philippe
21684,Joon-ho,Bong
21769,Podalydès,Bruno
21772,Karoubi,Jimmy
22306,Merad,Kad
22383,Nero,Franco
22703,Körner,Diana
23229,van Houten,Carice
23383,Bekhti,Leïla
24045,Gordon-Levitt,Joseph
24342,Prowse,David
24343,Mayhew,Peter
24379,Blier,Bernard
24467,Roussillon,Jean-Paul
24816,Arditi,Pierre
24880,Chakiris,George
24881,Dale,Grover
24882,Demy,Jacques
24903,Rich,Claude
25072,Isaac,Oscar
26100,Poupaud,Melvil
26165,Magre,Judith
26300,Sinjen,Sabine
26490,Lewis,Fiona
26557,Mayne,Ferdy
26784,Lee Sau-Yin,Danny
27319,Waltz,Christoph
27440,Périer,François
27578,Page,Ellen
27584,Carmen,Julie
27627,Kobus,Waldemar
27740,Goggins,Walton
27762,McDiarmid,Ian
27763,Van Dien,Casper
27764,Waddington,Steven
27770,Christopher,Dennis
27811,Weller,Peter
28078,Kaydanovskiy,Aleksandr
28235,Shaw,Sebastian
28279,Jaoui,Agnès
28281,Bacri,Jean-Pierre
28410,Busey,Jake
28781,Clavier,Christian
28846,Skarsgård,Alexander
29427,,Terry-Thomas
29490,Tate,Sharon
29545,Bloom,Claire
29685,Fuller,Kurt
30119,Bass,Alfie
30120,Quarrier,Iain
30194,Sandford,Tiny
30614,Gosling,Ryan
30711,Lonergan,Kenneth
31028,Schiff,Richard
31070,O'Neal,Ryan
31071,Berenson,Marisa
31649,Smith,Brooke
31717,Jones,January
31720,Hamilton,Gay
31923,Ford Davies,Oliver
31925,Quarshie,Hugh
32101,Amiot,Paul
32134,Vidor,Charles
32657,Boisselier,Julien
32658,Trodoux,Mickael
32823,Burkhard,Gedeon
33181,Smits,Jimmy
33190,August,Pernilla
33192,Edgerton,Joel
33196,Lloyd,Jake
33741,Hayworth,Rita
33742,Anders,Glenn
33747,Calleia,Joseph
34490,Paulson,Sarah
34546,Gatiss,Mark
34613,de Broca,Philippe
34615,Renant,Simone
34721,Bishop,Larry
35003,Crauchet,Paul
35029,Harbour,David
35137,Balasko,Josiane
35341,Bujold,Geneviève
36018,Mann,Claude
36214,Fusier-Gir,Jeanne
36513,Rovère,Liliane
36602,Berg,Peter
36634,Cedillo,Julio
37131,,Bourvil
37158,Ejogo,Carmen
37183,Manson,Héléna
37457,Lefebvre,Jean
37625,Garfield,Andrew
37626,Leconte,Patrice
37777,Krüger,Hardy
37992,Bertin,Pierre
38127,Josephson,Erland
38526,Girard,Rémy
39008,Brook,Claudio
39104,Ferrara,Abel
39187,Colman,Olivia
39436,Rozan,Dominique
39520,Dillahunt,Garret
39645,Blanche,Francis
39847,Reijn,Halina
39874,Francey,Micheline
39996,Lumet,Sidney
40186,Scott,Jacqueline
40481,Guzmán,Luis
41226,Charisse,Cyd
41249,Harper,Tess
41686,Patrick Harris,Neil
41714,Minot,Dominique
43553,Skolimowski,Jerzy
43814,Delon,Nathalie
43815,Rosier,Cathy
44038,Allen,Nancy
44079,Rampling,Charlotte
44509,Barbier,Christian
44735,Eisenberg,Jesse
47769,Rogers,Ingrid
47820,Poelvoorde,Benoît
47879,Savage,John
48576,Berling,Charles
48577,Seigner,Mathilde
52167,Maassen,Theo
52462,Buckley,Betty
52886,Donovan,Jeffrey
53714,McAdams,Rachel
53807,Hammer,Armie
54291,Lellouche,Gilles
54376,Génès,Henri
54472,McDonagh,Martin
54693,Stone,Emma
54782,Beth Hurt,Mary
55710,McKay,Adam
56024,Dujardin,Jean
57448,Schweig,Eric
57449,May,Jodhi
57626,Boushel,Joy
57755,Harrelson,Woody
57880,Lack,Stephen
57881,von Palleske,Heidi
59109,Julian,Janet
59110,Chin,Joey
59450,Mixon,Katy
60875,Jensen,David
62001,Wallace,Dee
62862,McBride,Danny
64239,Thorn,Frankie
64913,Chazel,Marie-Anne
66178,Ramey,Ed
66839,Lefebvre,Philippe
67003,Wollter,Sven
67046,Yeh,Sally
67047,Chu Kong,Paul
67346,Adames,John
67367,Johnson,Rian
67532,Doutey,Mélanie
67717,Hazanavicius,Michel
67902,Guillemin,Sophie
69597,Barrymore,Drew
70131,Nakadai,Tatsuya
70133,Nezu,Jinpachi
70349,Ekyan,André
70626,Yamazaki,Tsutomu
71027,Hagiwara,Kenichi
71444,Burrows,Robin
71872,Nichols,Jeff
72466,Farrell,Colin
73381,Schoenaerts,Matthias
73421,Phoenix,Joaquin
74242,Whigham,Shea
75121,Bastoni,Steve
76136,Helm,Levon
76820,Foïs,Marina
76961,Bichir,Demián
77498,Azabal,Lubna
77795,Waterston,Katherine
78425,Monot,Louise
80602,Perry,Tyler
81051,Rahim,Tahar
81125,Ménochet,Denis
81821,Kiberlain,Sandrine
81934,Stephenson,Henry
82923,Bejo,Bérénice
83002,Chastain,Jessica
83797,Lacoste,Vincent
84573,Désormeaux-Poulin,Mélissa
87065,Riberolles,Jacques
87415,Fleetwood,Susan
87722,Rapace,Noomi
88123,Song,Brenda
88592,Gaudette,Maxim
89624,Bencherif,Adel
89625,Yacoubi,Hichem
89626,Kateb,Reda
91495,Kennedy,Mimi
93210,Gleeson,Domhnall
93491,Poulter,Will
93532,Lafitte,Laurent
99461,Hardwicke,Cedric
102864,Leclerc,Ginette
104632,Hoeks,Sylvia
105298,Chuvalo,George
108916,Mara,Rooney
115290,Sun-kyun,Lee
118178,Efira,Virginie
122423,Lanthimos,Yorgos
130253,Marshall-Green,Logan
137427,Villeneuve,Denis
142878,Gísladóttir,Guðrún
146342,Pons,Vimala
146710,Cassavetes,Katherine
146711,Rowlands,Lady
147522,Nichols,Nick
153393,Glass,Seamon
164343,Griffith,Kristin
180878,Copeman,Michael
185316,Ciron,Jacques
196737,Altman,Allen
206919,Kaluuya,Daniel
220448,Anderson,Paul
224513,de Armas,Ana
233119,Garnica,Lupe
236695,Boyega,John
240171,Liu Chia-Hui,Gordon
241930,Briand,Dominique
291263,Peele,Jordan
550418,de Peretti,Thierry
556435,Yeo-jeong,Cho
564941,Hutchinson,Lucy
565188,Neumann,Deborah
566080,Bloquet,Jonas
572541,Landry Jones,Caleb
583686,Bellemare,Pierre
583687,Kherici,Reem
931581,Hers,Mikhaël
932967,Ali,Mahershala
970213,Elaaziz,Abdelghafour
971262,Kolb,Ophélia
983929,Calamy,Laure
1023139,Driver,Adam
1030261,Marlohe,Bérénice
1034681,Sheridan,Tye
1066144,Poitrenaux,Laurent
1105079,Hedges,Lucas
1110405,Davis,Mackenzie
1126405,Carter,Brad
1137823,Martin,Stacy
1152299,Redden,Billy
1171570,Lofland,Jacob
1175620,Triet,Justine
1190206,Banionis,Donatas
1190211,Bondarchuk,Natalya
1190992,Grinko,Nikolay
1255540,Williams,Allison
1255881,Woo-shik,Choi
1267329,Nyong'o,Lupita
1273505,Auneveux,Mathilde
1274508,Martell,Jaeden
1315036,Ridley,Daisy
1377732,Nouveau,Marie-Pierre
1442583,So-dam,Park
1494014,Michelangeli,Jean-Marc
1496392,Alwyn,Joe
1580289,Appietto,Cédric
1663195,Marie Tran,Kelly
1701554,Janas,Florence
1709041,Suotamo,Joonas
1793830,Gioria,Thomas
1821801,Tabary,Henry-Noël
1821803,Brat,Jean-Etienne
1887813,Saikaly,Mathieu
1917512,Multrier,Isaure
2021536,Rover,Mélanie
2021538,Borderie,Jacques
2045567,REY,David
2045568,Lemaire,Olivier
