Nombre prénoms déclarés;Sexe;Annee;Prenoms
138;F;2021;Jeanne
134;M;2021;Alexandre
124;F;2021;Ava
117;F;2021;Nina
114;M;2021;Noé
98;M;2021;Basile
93;F;2021;Jade
90;M;2021;Martin
69;F;2021;Giulia
60;F;2021;Manon
59;F;2021;Lucie
47;M;2021;Pablo
45;M;2021;Ezra
44;M;2021;Marcel
43;F;2021;Aïcha
42;F;2021;Elena
40;M;2021;Elie
37;F;2021;Olympe
34;M;2021;Aurèle
32;M;2021;Jacques
31;M;2021;Hamza
26;F;2021;Pénélope
25;F;2021;Zélie
24;F;2021;Judith
23;F;2021;Amina
22;F;2021;Lena
21;F;2021;Astrid
21;F;2021;Jana
19;M;2021;Lenny
19;M;2021;Romain
18;M;2021;Kamil
16;M;2021;Khalil
15;M;2021;Daouda
15;M;2021;Swann
14;F;2021;Elisabeth
14;F;2021;Jannah
14;M;2021;Julien
14;M;2021;Sekou
12;F;2021;Nola
11;F;2021;Khadidja
11;F;2021;Nessa
11;M;2021;Wassim
10;F;2021;Amy
10;M;2021;Waël
9;F;2021;Adama
9;F;2021;Coumba
9;M;2021;Ilian
9;M;2021;Marco
8;F;2021;Joanne
8;F;2021;Sana
7;F;2021;Eléna
7;F;2021;Eya
7;F;2021;Selena
7;M;2021;Aden
7;M;2021;Alfred
7;M;2021;Kenzo
7;M;2021;Mady
7;M;2021;Mylan
7;M;2021;Selim
6;F;2021;Aby
6;F;2021;Aïssatou
6;F;2021;Dalia
6;F;2021;Elissa
6;F;2021;Enora
6;F;2021;Mayline
6;F;2021;Sakina
6;M;2021;Akram
6;M;2021;Elyo
6;M;2021;Kenan
6;M;2021;Kenzi
6;M;2021;Leon
6;M;2021;Olivier
6;M;2021;Tyler
5;F;2021;Elsie
5;F;2021;Linda
5;F;2021;Milena
5;F;2021;Olympia
5;M;2021;Masten
5;M;2021;Tony
151;F;2021;Chloé
118;F;2021;Iris
115;F;2021;Charlotte
80;M;2021;Léonard
67;F;2021;Nour
58;F;2021;Clémence
44;F;2021;Stella
44;M;2021;Issa
35;M;2021;Edgar
34;M;2021;Balthazar
30;F;2021;Mona
28;F;2021;Ariane
27;F;2021;Ines
27;F;2021;Lilia
26;M;2021;Aboubacar
21;M;2021;Owen
20;F;2021;Andrea
20;M;2021;Isaiah
19;M;2021;Roman
18;M;2021;Antonin
16;F;2021;Mélina
15;F;2021;Irène
14;M;2021;Aris
14;M;2021;Ishaq
13;F;2021;Marguerite
12;F;2021;Lehna
12;M;2021;Rayane
11;F;2021;Binta
11;F;2021;Charline
11;F;2021;Mayar
11;M;2021;Aloïs
11;M;2021;Boubacar
11;M;2021;Mathieu
10;F;2021;Cléa
10;M;2021;Bastien
9;F;2021;Léana
9;F;2021;Marwa
9;M;2021;Philippe
9;M;2021;Tidiane
9;M;2021;Titouan
8;F;2021;Israa
8;F;2021;Lucy
8;F;2021;Naïla
8;F;2021;Thalie
8;M;2021;Jonathan
8;M;2021;Milhan
7;F;2021;Céline
7;F;2021;Tamara
7;M;2021;Florent
7;M;2021;Paulin
7;M;2021;Youcef
6;F;2021;Aleyna
6;F;2021;Isée
6;F;2021;Kadidia
6;F;2021;Laure
6;F;2021;Maïna
6;F;2021;Safiatou
6;F;2021;Zeinab
6;M;2021;Malone
6;M;2021;Oren
5;F;2021;Elyne
5;F;2021;Jemima
5;F;2021;Leïna
5;F;2021;Marilou
5;F;2021;Salima
5;M;2021;Manil
5;M;2021;Muhammed
5;M;2021;Thierno
131;F;2021;Gabrielle
82;F;2021;Margaux
57;M;2021;Jean
47;F;2021;Hanna
43;M;2021;Elias
42;F;2021;Maryam
42;F;2021;Nora
31;F;2021;Alicia
29;F;2021;Aliénor
29;M;2021;Jonas
27;F;2021;Jasmine
27;F;2021;Lise
27;F;2021;Paloma
27;M;2021;Youssouf
26;F;2021;Mina
23;M;2021;Ibrahima
23;M;2021;Isaïah
23;M;2021;Kassim
21;F;2021;Laura
21;F;2021;Maëlys
21;F;2021;Oumou
19;M;2021;Matthieu
16;M;2021;Esteban
15;M;2021;Iyed
14;F;2021;Manel
14;F;2021;Safiya
14;M;2021;Ange
13;M;2021;Edmond
13;M;2021;Sam
12;F;2021;Estelle
12;F;2021;Naëlle
11;M;2021;Ewen
11;M;2021;Samba
10;F;2021;Rebecca
10;M;2021;Dan
9;M;2021;Aubin
8;F;2021;Elyana
8;F;2021;Isis
8;M;2021;Mahdi
8;M;2021;Mouhamad
7;F;2021;Anne
7;F;2021;Léane
7;F;2021;Lilas
7;F;2021;Matilda
7;F;2021;Perla
7;M;2021;Antonio
7;M;2021;Etienne
7;M;2021;Ezechiel
7;M;2021;Lysandre
6;F;2021;Jill
6;F;2021;Tenzin
6;M;2021;Abdallah
6;M;2021;Orphée
6;M;2021;Yani
5;F;2021;Aglaé
5;F;2021;Élisa
5;F;2021;Freya
5;F;2021;Tali
5;M;2021;Arlo
5;M;2021;Nikita
217;F;2021;Louise
207;F;2021;Alma
178;M;2021;Joseph
68;M;2021;Aylan
59;F;2021;Céleste
58;M;2021;Valentin
57;F;2021;Clara
55;F;2021;Luna
55;M;2021;Ali
53;M;2021;Lucien
49;M;2021;Marin
42;M;2021;Henri
41;M;2021;Zayn
38;M;2021;Ayoub
37;M;2021;Daniel
34;F;2021;Awa
34;M;2021;Nicolas
27;M;2021;Noa
25;M;2021;Hadrien
25;M;2021;Zacharie
23;F;2021;Bianca
22;F;2021;Fanta
22;F;2021;Selma
22;M;2021;Andréa
22;M;2021;Zakaria
20;F;2021;Emna
19;F;2021;Lya
18;M;2021;Neil
17;F;2021;Ayline
17;M;2021;Mathys
16;F;2021;Imany
15;M;2021;Ferdinand
14;M;2021;Elliott
13;M;2021;Nils
12;M;2021;Nahel
11;M;2021;Aboubakar
11;M;2021;Archibald
10;F;2021;May
10;F;2021;Salma
9;M;2021;Romeo
8;F;2021;Assiya
8;F;2021;Lynn
8;F;2021;Solène
8;M;2021;Abraham
8;M;2021;Aliocha
7;M;2021;Lilian
6;F;2021;Aïssa
6;F;2021;Alexia
6;F;2021;Astrée
6;F;2021;Clotilde
6;F;2021;Gaëlle
6;F;2021;Miral
6;M;2021;Giovanni
6;M;2021;Marley
6;M;2021;Néo
5;F;2021;Abigaïl
5;F;2021;Ariana
5;F;2021;Daniella
5;F;2021;Lea
5;F;2021;Yousra
5;M;2021;Cayden
5;M;2021;Colomban
5;M;2021;Gino
5;M;2021;Marlo
5;M;2021;Mylann
5;M;2021;Safwan
142;F;2021;Olivia
131;M;2021;Augustin
124;M;2021;Sacha
121;F;2021;Victoria
119;F;2021;Joséphine
119;M;2021;Liam
91;M;2021;Eliott
91;M;2021;Marceau
89;F;2021;Inès
78;F;2021;Diane
55;M;2021;César
54;M;2021;Enzo
41;M;2021;Naïm
29;F;2021;Hana
28;M;2021;Aksel
26;F;2021;Yaël
24;F;2021;Maïa
22;F;2021;Line
21;F;2021;Ayla
20;F;2021;Naomie
19;M;2021;Adem
19;M;2021;Harry
17;M;2021;Élie
17;M;2021;Ismaïl
17;M;2021;Tiago
15;F;2021;Émilie
15;F;2021;Layana
15;F;2021;Rym
14;F;2021;Paula
14;F;2021;Simone
14;M;2021;Alphonse
10;M;2021;Ismail
9;F;2021;Anya
9;F;2021;Emily
9;F;2021;Tesnim
9;M;2021;Yusuf
8;F;2021;Bonnie
8;F;2021;Cassandre
8;F;2021;Ela
8;F;2021;Meriem
8;F;2021;Sidra
8;F;2021;Zeynab
8;M;2021;Bakary
8;M;2021;Jude
8;M;2021;Luis
8;M;2021;Matisse
7;F;2021;Noura
7;M;2021;Ben
7;M;2021;Clarence
7;M;2021;Timothé
6;F;2021;Eliana
6;M;2021;Anis
6;M;2021;Denis
6;M;2021;Gary
6;M;2021;John
6;M;2021;Racim
5;M;2021;Aylane
5;M;2021;Dany
5;M;2021;Elouan
5;M;2021;Firas
5;M;2021;Joël
5;M;2021;Matthew
5;M;2021;Nathanael
5;M;2021;Nikola
227;M;2021;Arthur
151;F;2021;Adèle
122;M;2021;Aaron
121;F;2021;Léa
96;F;2021;Alix
89;M;2021;Nathan
88;F;2021;Suzanne
70;M;2021;Rayan
65;M;2021;Gustave
57;F;2021;Élise
49;F;2021;Albane
42;F;2021;Brune
40;F;2021;Maria
36;M;2021;Anatole
33;F;2021;Valentine
33;M;2021;Ahmed
30;M;2021;Ilyes
28;F;2021;Mahault
21;M;2021;Constantin
18;M;2021;Nassim
17;M;2021;Maximilien
16;F;2021;Lilya
16;M;2021;Mahamadou
15;F;2021;Aicha
15;F;2021;Nava
15;M;2021;Eugène
14;F;2021;Anaé
14;F;2021;Fatou
14;F;2021;Lyana
14;F;2021;Nélia
13;F;2021;Rosalie
12;F;2021;Lyne
12;M;2021;Aimé
12;M;2021;Cheikh
12;M;2021;Ryan
11;F;2021;Lital
11;M;2021;Ilan
11;M;2021;Tenzin
10;F;2021;Aïsha
10;F;2021;Athéna
10;F;2021;Fleur
10;F;2021;Kiara
10;F;2021;Noor
10;M;2021;Alpha
10;M;2021;Mohamed-Lamine
9;F;2021;Elia
9;F;2021;Tasnim
9;F;2021;Ysé
9;M;2021;George
9;M;2021;Nabil
9;M;2021;Nahil
8;F;2021;Jessica
8;M;2021;Eliel
8;M;2021;Viggo
7;F;2021;Neïla
7;F;2021;Rania
7;M;2021;Marwan
7;M;2021;Raoul
6;F;2021;Aïssata
6;F;2021;Alyah
6;F;2021;Elvire
6;F;2021;Kadidja
6;F;2021;Nicole
6;M;2021;Abou
6;M;2021;Alassane
6;M;2021;Jelani
6;M;2021;Joaquim
6;M;2021;Pietro
6;M;2021;Younès
5;F;2021;Anouck
5;F;2021;Ilef
5;F;2021;Josephine
5;F;2021;Louane
5;F;2021;Naïa
5;F;2021;Yona
5;M;2021;Anass
5;M;2021;Artus
5;M;2021;Ladislas
150;F;2021;Anna
129;F;2021;Alice
119;F;2021;Zoé
101;M;2021;Côme
95;F;2021;Juliette
89;M;2021;Camille
79;F;2021;Mila
77;F;2021;Fatoumata
62;F;2021;Camille
49;M;2021;Léopold
46;F;2021;Aya
43;M;2021;Charlie
41;F;2021;Thaïs
39;F;2021;Isaure
35;F;2021;Lily
30;F;2021;Nelya
27;M;2021;Amine
26;M;2021;Ambroise
20;F;2021;Aliya
20;F;2021;Liya
17;F;2021;Aimée
17;M;2021;Jonah
16;F;2021;Aïda
16;F;2021;Joy
15;F;2021;Gloria
14;F;2021;Ninon
14;F;2021;Pauline
13;F;2021;Célestine
12;F;2021;Rosa
11;F;2021;Nayla
10;M;2021;Élio
9;M;2021;Alexander
9;M;2021;Ilay
8;F;2021;Amelia
8;F;2021;Bertille
8;F;2021;Cataleya
8;M;2021;Robinson
7;F;2021;Mélanie
7;M;2021;Carl
7;M;2021;Nour
6;F;2021;Aïna
6;M;2021;Asher
6;M;2021;Guillaume
6;M;2021;Mahmoud
5;F;2021;Elyna
5;F;2021;Gina
5;F;2021;Haby
5;F;2021;Haydée
5;F;2021;Olive
5;F;2021;Sokhna
5;M;2021;Ghali
5;M;2021;Izaac
5;M;2021;Mendel
5;M;2021;Mikaïl
5;M;2021;Mody
5;M;2021;Otis
166;M;2021;Léo
117;M;2021;Ibrahim
94;M;2021;Antoine
48;F;2021;Roxane
35;F;2021;Lana
34;F;2021;Louisa
30;F;2021;Elise
29;F;2021;Elsa
28;F;2021;Talia
26;F;2021;Sara
25;F;2021;Sixtine
23;F;2021;Jennah
22;M;2021;Malik
17;F;2021;Fatim
17;M;2021;Bilal
16;F;2021;Maïssa
16;M;2021;Corentin
15;M;2021;Elon
15;M;2021;Mehdi
15;M;2021;Sami
14;F;2021;Serena
13;F;2021;Asma
13;F;2021;Evy
12;F;2021;Mya
11;F;2021;Tess
8;F;2021;Adja
8;F;2021;Rahma
8;M;2021;Amara
8;M;2021;Ari
8;M;2021;Ian
8;M;2021;Matias
8;M;2021;Yacoub
7;F;2021;Anita
7;F;2021;Deva
7;F;2021;Saran
7;M;2021;Jalil
7;M;2021;Roch
6;F;2021;Éva
6;F;2021;Gabriela
6;F;2021;Johanna
6;M;2021;Emil
6;M;2021;Eren
5;F;2021;Sidonie
5;M;2021;Abdel
5;M;2021;Atlas
5;M;2021;Daris
5;M;2021;Mickaël
5;M;2021;Theodore
133;F;2021;Rose
86;F;2021;Julia
82;M;2021;Octave
72;F;2021;Mia
68;M;2021;Malo
63;F;2021;Mariam
55;M;2021;Adrien
39;M;2021;Sohan
34;M;2021;Joachim
33;F;2021;Léonore
28;F;2021;Dina
28;F;2021;Livia
27;F;2021;Rita
25;M;2021;Kylian
23;M;2021;Adrian
22;F;2021;Sibylle
22;M;2021;Lyam
21;F;2021;Louison
20;F;2021;Jenna
20;M;2021;Yassine
19;F;2021;Naya
19;M;2021;Lino
16;M;2021;Théophile
14;F;2021;Colombe
14;F;2021;Philippa
14;M;2021;Dario
13;F;2021;Maxime
13;F;2021;Olga
12;F;2021;Mayssa
12;M;2021;Milann
11;F;2021;Mélissa
10;M;2021;Vladimir
9;F;2021;Soline
9;M;2021;Maylone
9;M;2021;Selyan
8;F;2021;Arielle
8;F;2021;Eleanor
8;M;2021;Pacôme
8;M;2021;Rafaël
8;M;2021;Tancrède
7;F;2021;Albertine
7;F;2021;Samira
7;M;2021;Eddy
7;M;2021;Mickael
7;M;2021;Thibault
7;M;2021;Viktor
6;F;2021;Camilia
6;F;2021;Nine
6;F;2021;Ornella
6;M;2021;Aksil
6;M;2021;Wael
5;F;2021;Dora
5;F;2021;Ombeline
5;F;2021;Zayneb
5;M;2021;Kays
5;M;2021;Zacharia
245;M;2021;Louis
178;M;2021;Mohamed
121;M;2021;Oscar
113;F;2021;Lou
98;F;2021;Charlie
84;M;2021;Charles
61;F;2021;Inaya
54;M;2021;Roméo
47;M;2021;William
44;F;2021;Assia
43;F;2021;Khadija
42;F;2021;Colette
38;M;2021;Nino
35;F;2021;Esmée
32;F;2021;Noémie
28;M;2021;Hippolyte
27;F;2021;Janna
25;F;2021;Augustine
25;M;2021;Pio
24;M;2021;Gaël
21;F;2021;June
21;F;2021;Sienna
20;F;2021;Célia
18;F;2021;Bintou
16;F;2021;Arya
15;M;2021;Dylan
14;F;2021;Mariame
13;F;2021;Emilie
13;F;2021;Zahra
13;M;2021;Éloi
12;M;2021;Elijah
12;M;2021;Julian
11;M;2021;Alix
11;M;2021;Dimitri
11;M;2021;Leandro
11;M;2021;Mayeul
10;M;2021;Niels
9;M;2021;Demba
8;M;2021;Zakarya
7;F;2021;Frida
7;F;2021;Héléna
7;M;2021;Dali
7;M;2021;Hillel
7;M;2021;Louka
7;M;2021;Mael
7;M;2021;Tobias
6;F;2021;Auriane
6;F;2021;Cléophée
6;F;2021;Éléna
6;F;2021;Max
6;F;2021;Shirel
6;M;2021;Giorgio
6;M;2021;Prince
6;M;2021;Yassin
5;F;2021;India
5;F;2021;Kendra
5;F;2021;Octavia
5;F;2021;Rivka
5;F;2021;Zoë
5;M;2021;Aliou
5;M;2021;Étienne
5;M;2021;Gianni
5;M;2021;Junayd
5;M;2021;Walid
149;M;2021;Gaspard
138;F;2021;Eva
120;M;2021;Jules
104;F;2021;Sofia
92;M;2021;Maxime
68;F;2021;Margot
64;F;2021;Maya
64;M;2021;David
56;M;2021;Hector
52;F;2021;Yasmine
48;M;2021;Pierre
45;F;2021;Salomé
36;M;2021;Benjamin
34;F;2021;Sophie
34;M;2021;Haroun
29;F;2021;Castille
29;F;2021;Maëlle
29;M;2021;Mathias
28;F;2021;Ana
25;F;2021;Lara
25;M;2021;Ariel
24;F;2021;Camélia
24;M;2021;Mathéo
22;F;2021;Valentina
22;M;2021;Lévi
21;F;2021;Maïmouna
19;F;2021;Emy
19;M;2021;Tristan
16;F;2021;Ania
16;M;2021;Kayden
15;F;2021;Emmy
15;M;2021;Marc
14;F;2021;Claire
14;M;2021;Abdoul
12;F;2021;Océane
11;F;2021;Eloïse
11;F;2021;Talya
10;M;2021;Colin
9;F;2021;Dana
9;F;2021;Isabelle
9;F;2021;Safia
9;F;2021;Yuna
8;F;2021;Malika
7;F;2021;Leila
7;F;2021;Romie
7;F;2021;Sanaa
7;M;2021;Enguerrand
7;M;2021;Marlon
7;M;2021;Siméon
6;F;2021;Imane
6;F;2021;Leyla
6;F;2021;Zoe
6;M;2021;Maé
6;M;2021;Saad
6;M;2021;Warren
5;F;2021;Anaya
5;F;2021;Barbara
5;F;2021;Dihya
5;F;2021;Kelly
5;F;2021;Luisa
5;F;2021;Maëva
5;F;2021;Tasnime
5;M;2021;Bosco
152;M;2021;Lucas
125;F;2021;Romy
115;F;2021;Lina
104;M;2021;Ismaël
100;M;2021;Auguste
60;M;2021;Ilyan
59;M;2021;Thomas
49;M;2021;Solal
44;F;2021;Hannah
41;F;2021;Fatima
40;F;2021;Lisa
37;F;2021;Alya
34;M;2021;Émile
27;M;2021;Lazare
27;M;2021;Rafael
24;F;2021;Esther
24;M;2021;Ruben
23;F;2021;Lison
23;M;2021;Edouard
21;F;2021;Amélia
21;M;2021;Ilyas
20;F;2021;Adélaïde
19;M;2021;Amaury
19;M;2021;Souleymane
18;F;2021;Anastasia
17;M;2021;Lorenzo
14;F;2021;Bérénice
14;F;2021;Julie
14;M;2021;Iyad
13;M;2021;Cheick
13;M;2021;Melchior
12;M;2021;Alan
12;M;2021;Lassana
11;F;2021;Eléa
10;F;2021;Liora
10;F;2021;Nelia
9;F;2021;Lucile
9;M;2021;Loan
8;F;2021;Miya
8;F;2021;Ramata
8;M;2021;Imrân
7;F;2021;Alisha
7;F;2021;Antonia
7;F;2021;Cali
7;F;2021;Haya
7;F;2021;Loïs
7;F;2021;Maëlya
7;M;2021;Hélie
7;M;2021;Matthias
6;F;2021;Fatma
6;F;2021;Lydia
6;F;2021;Malya
6;F;2021;Solange
6;M;2021;Babacar
6;M;2021;Karl
6;M;2021;Matis
6;M;2021;Yaël
5;F;2021;Alessia
5;F;2021;Avital
5;F;2021;Cécile
5;F;2021;Joey
5;F;2021;Lune
5;F;2021;Nell
5;M;2021;Jed
171;M;2021;Léon
156;M;2021;Paul
108;M;2021;Naël
102;F;2021;Victoire
86;M;2021;Simon
78;M;2021;Félix
78;M;2021;Ulysse
56;F;2021;Constance
51;M;2021;Moussa
50;M;2021;Tom
38;F;2021;Hawa
33;F;2021;Mahaut
32;M;2021;Idriss
31;F;2021;Ellie
30;M;2021;Sasha
29;F;2021;Cléo
28;F;2021;Elisa
26;F;2021;Kenza
26;F;2021;Marie
23;F;2021;Myriam
23;M;2021;Léandre
16;M;2021;Jacob
14;F;2021;Amalia
14;F;2021;Angèle
14;F;2021;Djeneba
14;F;2021;Soumaya
13;M;2021;Younes
12;F;2021;Halima
12;M;2021;Arié
12;M;2021;Johan
12;M;2021;Naïl
11;F;2021;Elyssa
11;M;2021;Quentin
11;M;2021;Souleyman
10;F;2021;Abby
10;F;2021;Élia
10;F;2021;Sacha
10;M;2021;Yaya
9;M;2021;Adama
9;M;2021;Armel
8;F;2021;Bayane
8;M;2021;Loïc
7;F;2021;Elly
7;F;2021;Sandra
7;F;2021;Siloé
7;M;2021;Aly
6;F;2021;Hind
6;F;2021;Inayah
6;M;2021;Ayaan
6;M;2021;Jaden
5;F;2021;Saskia
5;F;2021;Yasmina
5;M;2021;Cherif
5;M;2021;Constant
5;M;2021;Ezéchiel
5;M;2021;Yunus
101;F;2021;Sarah
84;M;2021;Axel
77;M;2021;Amir
75;M;2021;Ethan
70;M;2021;Abel
60;F;2021;Lila
59;M;2021;Robin
57;M;2021;Georges
54;M;2021;Noam
49;M;2021;Milo
48;M;2021;Kaïs
37;F;2021;Sasha
34;F;2021;Faustine
27;F;2021;Blanche
25;M;2021;Leo
21;F;2021;Elya
18;F;2021;Alia
18;M;2021;Oumar
15;F;2021;Eline
14;F;2021;Gisèle
14;F;2021;Ora
12;F;2021;Paola
12;M;2021;Alessandro
12;M;2021;Calixte
11;F;2021;Izïa
11;F;2021;Kayla
11;F;2021;Malia
10;F;2021;Martha
10;F;2021;Sira
10;M;2021;Avi
10;M;2021;Charly
9;F;2021;Bella
9;F;2021;Clarisse
9;M;2021;François
8;F;2021;Yael
8;M;2021;Jibril
8;M;2021;Mohammad
7;F;2021;Ayna
7;F;2021;Eve
7;M;2021;Seydou
7;M;2021;Soren
6;F;2021;Anaë
6;F;2021;Dounia
6;F;2021;Jodie
6;F;2021;Razane
6;F;2021;Safa
6;M;2021;Andréas
6;M;2021;Keziah
6;M;2021;Lewis
5;F;2021;April
5;F;2021;Assetou
5;F;2021;Azélie
5;F;2021;Erin
5;F;2021;Kamelia
5;F;2021;Keyla
5;F;2021;Marnie
5;F;2021;Michelle
5;M;2021;Abdou
5;M;2021;Andrei
5;M;2021;Aymeric
5;M;2021;Dante
5;M;2021;Filip
5;M;2021;Livio
5;M;2021;Makan
5;M;2021;Massyl
233;M;2021;Raphaël
90;M;2021;Marius
82;M;2021;Andrea
73;F;2021;Héloïse
72;M;2021;Achille
42;M;2021;Evan
37;M;2021;Gabin
36;M;2021;Arsène
35;F;2021;Daphné
35;M;2021;Luca
31;F;2021;Hortense
31;F;2021;Philippine
30;F;2021;Andréa
28;M;2021;Soan
24;F;2021;Théa
24;M;2021;Omar
22;M;2021;Saul
20;M;2021;Mahé
18;F;2021;Maxine
17;M;2021;Emmanuel
16;F;2021;Aaliyah
16;M;2021;Levi
15;F;2021;Lahna
15;F;2021;Rachel
14;F;2021;Prune
14;F;2021;Zaynab
14;M;2021;Matéo
13;F;2021;Alyssa
13;F;2021;Carmen
12;F;2021;Angelina
12;F;2021;Lucia
12;M;2021;Éden
12;M;2021;Imrane
12;M;2021;Jason
12;M;2021;Zayd
11;F;2021;Louna
11;M;2021;Hayden
10;F;2021;Maé
10;M;2021;Eli
10;M;2021;Kevin
9;F;2021;Ayana
9;M;2021;Joud
8;F;2021;Éléa
8;F;2021;Eléanore
8;M;2021;Clovis
8;M;2021;Zakariya
7;F;2021;Tahel
7;M;2021;Jimmy
7;M;2021;Laurent
7;M;2021;Yossef
6;F;2021;Abigail
6;F;2021;Aylin
6;F;2021;Calie
6;F;2021;Candice
6;F;2021;Kadiatou
6;F;2021;Layel
6;F;2021;Leah
6;F;2021;Mélodie
6;M;2021;Aïden
6;M;2021;Isidore
6;M;2021;Jim
5;F;2021;Amélie
5;F;2021;Elie
5;F;2021;Grâce
5;F;2021;Ivana
5;F;2021;Justine
5;M;2021;Abd
5;M;2021;Eliam
5;M;2021;Harouna
5;M;2021;Imad
5;M;2021;Miguel
5;M;2021;Seydina
5;M;2021;Shams
5;M;2021;Sidy
155;M;2021;Victor
98;M;2021;Maël
89;M;2021;Timothée
75;F;2021;Alba
68;M;2021;Mathis
64;F;2021;Noa
64;M;2021;Yanis
61;M;2021;Maxence
59;F;2021;Anaïs
43;F;2021;Capucine
38;F;2021;Sophia
24;F;2021;Assya
24;F;2021;Coline
22;F;2021;Georgia
21;M;2021;Noham
19;M;2021;Aurélien
19;M;2021;Mateo
18;F;2021;Helena
18;F;2021;Mariama
18;M;2021;Yacine
17;M;2021;Édouard
16;M;2021;Camil
16;M;2021;Darius
16;M;2021;Emilio
16;M;2021;Idris
15;M;2021;Timéo
13;F;2021;Hanaé
13;F;2021;Kamila
13;M;2021;Ivan
12;F;2021;Athénaïs
12;F;2021;Éloïse
12;M;2021;Aviel
12;M;2021;Elyas
11;F;2021;Grace
11;F;2021;Thalia
10;F;2021;Dahlia
10;F;2021;Malak
9;F;2021;Amira
9;F;2021;Hiba
9;F;2021;Nélya
9;M;2021;Yazid
8;F;2021;Domitille
8;F;2021;Ethel
8;M;2021;Eyal
8;M;2021;Karim
7;F;2021;Agnès
7;F;2021;Salimata
7;F;2021;Shira
7;M;2021;Ahmad
7;M;2021;Jessim
7;M;2021;Thiago
7;M;2021;Yannis
6;F;2021;Alima
6;F;2021;Eliza
6;F;2021;Perrine
6;M;2021;Abdullah
6;M;2021;Arthus
6;M;2021;Elian
6;M;2021;Jérémie
6;M;2021;Riyad
5;F;2021;Djelika
5;F;2021;Léah
5;F;2021;Morgane
5;F;2021;Ruby
5;F;2021;Sohane
5;M;2021;Boubou
5;M;2021;Honoré
250;M;2021;Adam
191;M;2021;Noah
178;F;2021;Emma
134;M;2021;Hugo
77;F;2021;Ambre
66;F;2021;Apolline
50;F;2021;Raphaëlle
47;M;2021;Alexis
46;M;2021;Youssef
45;F;2021;Éléonore
38;F;2021;Anouk
35;M;2021;Jad
34;F;2021;Naomi
27;M;2021;Elliot
27;M;2021;Gaston
26;M;2021;Vadim
25;M;2021;Orso
20;M;2021;Amadou
20;M;2021;Ousmane
18;F;2021;Gaïa
17;F;2021;Izia
16;F;2021;Leïla
16;M;2021;Eliot
16;M;2021;Salim
15;M;2021;Lou
14;M;2021;Lior
13;M;2021;Leonardo
13;M;2021;Stanislas
12;F;2021;Elina
12;M;2021;Hedi
12;M;2021;Moustapha
11;F;2021;Diana
11;M;2021;Fares
11;M;2021;Salif
9;M;2021;Yahya
8;F;2021;Elinor
8;M;2021;El
8;M;2021;Élias
7;F;2021;Tia
7;F;2021;Zeyneb
7;M;2021;Haron
6;F;2021;Amanda
6;F;2021;Mayssane
6;M;2021;Mouhamadou
5;F;2021;Alexie
5;F;2021;Alina
5;F;2021;Élisabeth
5;F;2021;Elynn
5;F;2021;Janelle
5;F;2021;Joyce
5;F;2021;Lalla
5;F;2021;Lylia
5;F;2021;Méline
5;M;2021;Ayaz
5;M;2021;Bradley
5;M;2021;Gauthier
5;M;2021;Nil
187;M;2021;Isaac
98;F;2021;Agathe
83;F;2021;Léonie
71;M;2021;Théo
61;F;2021;Aminata
58;F;2021;Léna
58;M;2021;Ayden
53;F;2021;Garance
50;M;2021;Théodore
36;M;2021;Baptiste
35;M;2021;Armand
34;M;2021;Ernest
34;M;2021;James
31;M;2021;Samy
30;M;2021;Djibril
29;M;2021;Alban
22;F;2021;Flora
17;M;2021;Muhammad
16;F;2021;Alexandra
16;F;2021;Clémentine
15;M;2021;Lamine
15;M;2021;Naor
14;F;2021;Éline
13;F;2021;Gabriella
13;M;2021;Hassan
13;M;2021;Luka
12;F;2021;Carla
12;F;2021;Layane
10;F;2021;Amaya
10;F;2021;Marianne
10;F;2021;Sonia
10;F;2021;Yara
9;M;2021;Louison
8;M;2021;Alon
8;M;2021;Paolo
7;M;2021;Amin
7;M;2021;Eloi
7;M;2021;Maxim
7;M;2021;Priam
7;M;2021;Samson
6;F;2021;Ève
6;F;2021;Laya
6;F;2021;Leonor
6;F;2021;Marina
6;F;2021;Mathilda
6;M;2021;Caleb
6;M;2021;Damian
6;M;2021;Henry
6;M;2021;Ishak
5;F;2021;Marta
5;F;2021;Mazarine
5;M;2021;Andy
5;M;2021;Eneko
5;M;2021;Zeyn
113;M;2021;Samuel
80;M;2021;Eden
58;F;2021;Pia
53;F;2021;Liv
42;F;2021;Mathilde
40;M;2021;Nolan
39;M;2021;Clément
38;F;2021;Lola
38;M;2021;Joshua
31;M;2021;Abdoulaye
30;F;2021;Lyna
27;M;2021;Max
27;M;2021;Mouhamed
26;M;2021;Mohammed
25;F;2021;Eden
24;M;2021;Milan
23;F;2021;Norah
23;M;2021;Nathanaël
22;F;2021;Aurore
22;M;2021;Emile
20;M;2021;Sandro
17;F;2021;Aline
17;F;2021;Leyna
16;M;2021;Virgile
12;F;2021;Léopoldine
12;F;2021;Théodora
12;M;2021;Zachary
11;M;2021;Otto
10;F;2021;Hadja
10;F;2021;Lia
10;M;2021;Alessio
9;M;2021;Jack
9;M;2021;Jassim
9;M;2021;Yann
8;F;2021;Tessa
8;M;2021;Adriel
7;F;2021;Abigaël
7;F;2021;Camila
7;F;2021;Layla
7;M;2021;Malek
7;M;2021;Silas
6;F;2021;Cassie
6;F;2021;Claudia
6;F;2021;Daria
6;F;2021;Hermine
6;F;2021;Solveig
6;M;2021;Hélios
6;M;2021;Sébastien
5;F;2021;Alizée
5;F;2021;Ashley
5;F;2021;Djenna
5;F;2021;Esma
5;F;2021;Kimia
5;F;2021;Maimouna
5;F;2021;Maud
5;M;2021;Cosme
5;M;2021;Dayan
5;M;2021;Melvil
357;M;2021;Gabriel
104;F;2021;Ella
72;F;2021;Romane
54;F;2021;Thelma
53;M;2021;Imran
51;F;2021;Madeleine
48;F;2021;Billie
44;M;2021;Elio
39;M;2021;Anas
32;F;2021;Chiara
32;M;2021;Nael
31;M;2021;Jayden
31;M;2021;Mamadou
31;M;2021;Marcus
29;M;2021;Matteo
28;F;2021;Eléonore
24;M;2021;Loup
23;F;2021;Aliyah
23;F;2021;Axelle
23;F;2021;Violette
23;F;2021;Ysée
23;M;2021;Raphael
22;F;2021;Anaëlle
21;M;2021;Diego
19;M;2021;Ismael
17;M;2021;Alex
17;M;2021;André
16;M;2021;Aymen
15;F;2021;Assa
15;M;2021;Célestin
15;M;2021;Youri
14;F;2021;Emilia
14;F;2021;Hafsa
14;F;2021;Isra
14;M;2021;Adel
13;F;2021;Flore
12;F;2021;Baya
12;F;2021;Eugénie
12;F;2021;Neyla
12;F;2021;Tara
11;F;2021;Hélène
11;M;2021;Anton
11;M;2021;Ayan
11;M;2021;Zéphyr
10;F;2021;Aria
10;F;2021;Ilyana
10;F;2021;Luce
10;F;2021;Mira
10;M;2021;Albert
10;M;2021;Mattéo
9;F;2021;Dania
9;M;2021;Grégoire
9;M;2021;Qassim
8;F;2021;Calypso
8;F;2021;Leïa
8;F;2021;Sirine
8;M;2021;Gael
7;M;2021;Michael
6;F;2021;Élyne
6;F;2021;Lyvia
6;F;2021;Melissa
6;M;2021;Ilyane
6;M;2021;Michel
6;M;2021;Morgan
6;M;2021;Terence
5;F;2021;Anissa
5;F;2021;Dayana
5;F;2021;Joan
5;F;2021;Juliana
5;F;2021;Liana
5;F;2021;Maia
5;M;2021;Adan
5;M;2021;Valentino
