Nombre prénoms déclarés;Sexe;Annee;Prenoms
6;F;2020;Johanna
6;F;2020;Khadidja
6;F;2020;Lucy
5;M;2020;Aliou
5;M;2020;Hamidou
5;M;2020;Lukas
5;M;2020;Priam
5;F;2020;Alizée
5;F;2020;Camilla
5;F;2020;Malaïka
5;F;2020;Rayhana
5;F;2020;Zohra
285;M;2020;Adam
208;F;2020;Louise
117;M;2020;Basile
98;M;2020;Auguste
62;F;2020;Lucie
48;F;2020;Madeleine
46;M;2020;Youssef
38;F;2020;Éléonore
36;M;2020;Elio
34;M;2020;Aurèle
32;M;2020;Kaïs
32;F;2020;Elisa
32;F;2020;Hannah
30;F;2020;Jannah
27;M;2020;Kylian
25;M;2020;Gaston
25;M;2020;Nael
24;F;2020;Ana
23;F;2020;Sara
22;F;2020;Emilie
21;M;2020;Aboubacar
21;M;2020;Isaïah
20;F;2020;Anastasia
16;F;2020;Esmée
14;F;2020;Maïmouna
13;M;2020;Zakariya
13;F;2020;Anne
13;F;2020;Zaynab
12;M;2020;Yahya
12;F;2020;Andrea
11;M;2020;Alassane
11;M;2020;Kamil
11;F;2020;Isis
9;M;2020;Alphonse
9;M;2020;Marlon
8;F;2020;Fatim
8;F;2020;Khady
8;F;2020;Maëva
8;F;2020;Naïa
8;F;2020;Simone
7;M;2020;Arthus
7;M;2020;Elyo
7;M;2020;Foucauld
7;M;2020;Mylann
7;M;2020;Vasco
7;M;2020;Wael
7;M;2020;Waël
7;F;2020;Leïa
7;F;2020;Maram
7;F;2020;Mira
7;F;2020;Razane
6;M;2020;Jamal
6;M;2020;Mayeul
6;M;2020;Safwan
6;M;2020;Xavier
6;F;2020;Janelle
312;M;2020;Gabriel
127;F;2020;Lina
78;F;2020;Julia
68;M;2020;Malo
59;F;2020;Clara
55;M;2020;Théo
48;M;2020;Jean
48;F;2020;Elsa
45;M;2020;Alexis
39;M;2020;Ezra
39;F;2020;Lila
35;M;2020;Arsène
34;F;2020;Lily
31;M;2020;Rafael
29;F;2020;Léonore
28;F;2020;Maëlle
27;M;2020;Antonin
26;M;2020;Tristan
25;F;2020;Gaïa
25;F;2020;Noor
21;M;2020;Andréa
19;F;2020;Lyne
18;M;2020;Zacharie
18;F;2020;Alexandra
18;F;2020;Mina
17;F;2020;Élisa
17;F;2020;Eloïse
16;F;2020;Imany
16;F;2020;Salimata
15;M;2020;Aris
15;M;2020;Timéo
15;F;2020;Assiya
15;F;2020;Dania
14;F;2020;Marguerite
13;M;2020;Milann
12;M;2020;Logan
12;M;2020;Viktor
12;M;2020;Yusuf
11;F;2020;Anaé
11;F;2020;Kayla
11;F;2020;Mayssa
10;M;2020;Hassan
10;M;2020;Sekou
10;F;2020;Ada
10;F;2020;Haya
9;M;2020;Archibald
9;M;2020;Élias
9;M;2020;François
9;F;2020;Philippa
9;F;2020;Vanessa
8;M;2020;Arié
8;M;2020;Fares
8;F;2020;Inayah
8;F;2020;Joanna
8;F;2020;Selena
7;M;2020;Ahmad
7;M;2020;Aydan
7;M;2020;Jibril
7;M;2020;Oliver
7;F;2020;Cécile
7;F;2020;Jannat
6;M;2020;Aubin
6;M;2020;Bradley
6;M;2020;Loïc
6;M;2020;Soën
6;F;2020;Isabelle
6;F;2020;Izïa
6;F;2020;Neïla
6;F;2020;Nihel
6;F;2020;Scarlett
5;M;2020;Maho
5;M;2020;Shahine
5;F;2020;Anita
5;F;2020;Beatrice
5;F;2020;Giorgia
5;F;2020;Lyra
5;F;2020;Maëline
5;F;2020;Mayssane
5;F;2020;Séraphine
5;F;2020;Yana
142;M;2020;Alexandre
103;F;2020;Alix
103;F;2020;Juliette
89;F;2020;Mia
87;M;2020;Naël
67;M;2020;Abel
63;F;2020;Céleste
60;F;2020;Mariam
57;M;2020;Clément
52;M;2020;Théodore
50;M;2020;Lucien
44;M;2020;Ahmed
37;M;2020;Nino
37;M;2020;Pablo
37;M;2020;Roméo
36;M;2020;Jad
36;F;2020;Thaïs
33;F;2020;Esther
31;M;2020;Idriss
31;M;2020;Jonas
30;F;2020;Emy
22;M;2020;Lazare
22;F;2020;Chiara
21;M;2020;Mathias
21;F;2020;Yaël
20;F;2020;Valentina
19;M;2020;Olivier
16;F;2020;Paula
15;M;2020;Abdoul
15;M;2020;Boubacar
15;M;2020;Malik
15;F;2020;Émilie
14;M;2020;Mady
13;F;2020;Bella
13;F;2020;Serena
12;M;2020;Aloïs
12;M;2020;André
12;M;2020;Quentin
11;M;2020;Nahel
11;M;2020;Titouan
10;M;2020;Jason
10;F;2020;Amalia
10;F;2020;Farah
10;F;2020;Leya
10;F;2020;Lucile
9;M;2020;Eli
9;F;2020;Abby
9;F;2020;Asma
9;F;2020;Gaia
8;M;2020;Amos
8;M;2020;Farès
8;M;2020;Tidiane
8;F;2020;Alexia
8;F;2020;Romie
7;M;2020;Jed
7;M;2020;Mylan
7;M;2020;Sébastien
7;F;2020;Yaëlle
6;M;2020;Raoul
6;F;2020;Astrée
6;F;2020;Nabintou
6;F;2020;Sonia
6;F;2020;Tasnime
5;M;2020;Arlo
5;M;2020;Reda
5;M;2020;Skander
5;M;2020;Theo
5;M;2020;Yunus
5;F;2020;Layane
5;F;2020;Zahara
6;F;2020;Ndeye
5;M;2020;Armel
5;M;2020;Francesco
5;M;2020;Gael
5;M;2020;Ihsan
5;M;2020;Liron
5;F;2020;Amel
5;F;2020;Fatima-Zahra
5;F;2020;Fleur
5;F;2020;Ina
5;F;2020;Liza
5;F;2020;Marilou
5;F;2020;Rahma
242;M;2020;Arthur
159;F;2020;Alma
114;F;2020;Romy
81;M;2020;Martin
76;M;2020;Amir
69;M;2020;Mathis
68;F;2020;Maya
64;F;2020;Alba
60;M;2020;Léopold
49;M;2020;Milo
43;F;2020;Luna
43;F;2020;Pia
41;F;2020;Noémie
28;M;2020;Max
25;F;2020;Hawa
19;M;2020;Jayden
18;F;2020;Aliyah
18;F;2020;Anaëlle
18;F;2020;Carmen
16;M;2020;Lamine
16;F;2020;Bérénice
16;F;2020;Eline
15;F;2020;Jenna
14;F;2020;Marion
13;M;2020;Ilan
13;F;2020;Elisabeth
13;F;2020;Imane
12;M;2020;Virgile
11;F;2020;Thalia
10;M;2020;Lior
9;M;2020;Étienne
9;F;2020;Lital
9;F;2020;Sira
8;M;2020;Alfred
8;M;2020;Elouan
8;M;2020;Gaëtan
8;M;2020;Nabil
8;M;2020;Zéphyr
8;F;2020;Dalia
7;M;2020;Ishaq
7;M;2020;Matéo
7;M;2020;Paolo
7;M;2020;Yacoub
7;F;2020;Aïssata
7;F;2020;Coumba
7;F;2020;Evy
7;F;2020;Eya
7;F;2020;Matilda
7;F;2020;Naïla
7;F;2020;Soumaya
6;M;2020;Avi
6;M;2020;Hillel
6;F;2020;Léonor
6;F;2020;Maud
6;F;2020;Perla
5;M;2020;Andreas
5;M;2020;Christopher
5;M;2020;Natan
5;M;2020;Tony
5;F;2020;Joudia
5;F;2020;Roxanne
178;M;2020;Joseph
114;F;2020;Eva
94;M;2020;Nathan
93;F;2020;Diane
91;F;2020;Lou
85;M;2020;Marius
71;M;2020;Rayan
70;F;2020;Manon
61;M;2020;Eden
47;F;2020;Billie
44;F;2020;Lana
44;F;2020;Olympe
42;M;2020;Sohan
33;F;2020;Zélie
31;F;2020;Hana
28;M;2020;Souleymane
26;F;2020;Mona
26;F;2020;Philippine
23;M;2020;Ibrahima
21;M;2020;Soan
20;M;2020;Lenny
19;M;2020;Amaury
18;M;2020;Théophile
18;F;2020;Kenza
18;F;2020;Sibylle
17;F;2020;Rosalie
16;F;2020;Amelia
15;M;2020;Elliott
11;M;2020;Aymen
11;F;2020;Dahlia
10;F;2020;Rania
9;F;2020;Kiara
9;F;2020;Melissa
9;F;2020;Tasnim
8;M;2020;Bilel
8;M;2020;Karl
8;M;2020;Matisse
8;F;2020;Irina
7;M;2020;Doron
7;M;2020;Mattia
7;F;2020;Binta
7;F;2020;Blandine
7;F;2020;Tali
6;M;2020;Adan
6;M;2020;Camil
6;M;2020;Dany
6;M;2020;Jérémie
6;M;2020;Leandro
6;F;2020;Angela
6;F;2020;Éléanore
143;F;2020;Emma
119;F;2020;Inès
108;F;2020;Nina
106;F;2020;Victoria
103;M;2020;Maxime
76;M;2020;Valentin
64;F;2020;Aya
59;M;2020;Ayden
45;F;2020;Garance
43;M;2020;Henri
41;M;2020;Issa
38;F;2020;Elena
32;M;2020;Emmanuel
30;M;2020;Sasha
28;M;2020;Balthazar
26;M;2020;Nicolas
26;F;2020;Sixtine
23;M;2020;Loup
22;F;2020;Adélaïde
19;M;2020;Leonardo
19;F;2020;Flora
18;M;2020;Sami
18;F;2020;Célestine
18;F;2020;Rebecca
17;M;2020;Bakary
17;M;2020;Eliot
17;F;2020;Lyana
15;M;2020;Hippolyte
14;M;2020;Ilian
13;M;2020;Ismail
13;M;2020;Khalil
11;M;2020;Calixte
11;F;2020;Lydia
11;F;2020;Nelia
10;M;2020;Aboubakar
10;M;2020;Ilyès
10;F;2020;Rosa
10;F;2020;Yael
9;F;2020;Agnès
9;F;2020;Clotilde
9;F;2020;Eliana
9;F;2020;May
9;F;2020;Nayla
9;F;2020;Safia
8;M;2020;Luc
8;M;2020;Nour
7;M;2020;Emir
7;M;2020;Matis
7;F;2020;Kady
7;F;2020;Melina
6;M;2020;Alessandro
6;F;2020;Cléophée
6;F;2020;Djamila
6;F;2020;Hind
6;F;2020;Ida
6;F;2020;Laya
6;F;2020;Samira
5;M;2020;Amin
5;M;2020;Hakim
5;M;2020;Maurice
5;M;2020;Riyad
5;F;2020;Aissatou
5;F;2020;Amal
5;F;2020;Éléna
5;F;2020;Imani
5;F;2020;Sana
156;M;2020;Gaspard
146;M;2020;Noah
140;F;2020;Jeanne
102;F;2020;Sofia
99;F;2020;Sarah
94;M;2020;Antoine
88;M;2020;Simon
87;M;2020;Eliott
70;F;2020;Fatoumata
66;F;2020;Camille
65;M;2020;Ilyan
64;M;2020;Gustave
60;M;2020;Tom
51;M;2020;Enzo
47;F;2020;Valentine
44;F;2020;Sasha
38;F;2020;Lola
35;F;2020;Assia
35;F;2020;Naomi
29;M;2020;Lyam
29;M;2020;Younes
27;F;2020;Maïa
26;M;2020;Owen
19;F;2020;Aicha
17;M;2020;Corentin
17;F;2020;Naëlle
16;F;2020;Claire
16;F;2020;Lya
15;M;2020;Tiago
15;F;2020;Ilyana
15;F;2020;Safiya
12;M;2020;Naïl
12;F;2020;Georgia
11;F;2020;Éline
10;M;2020;Aurélien
10;M;2020;Dorian
10;M;2020;Élie
9;M;2020;George
9;F;2020;Hanaé
9;F;2020;Mathilda
8;M;2020;Henry
8;M;2020;Livio
8;M;2020;Louison
8;M;2020;Malone
8;M;2020;Mathieu
8;M;2020;Morgan
8;F;2020;Jihane
8;F;2020;Yuna
7;M;2020;Alexander
7;M;2020;Élio
7;M;2020;Ezio
7;M;2020;Hélios
7;M;2020;Romeo
7;F;2020;Alaïa
7;F;2020;Swann
6;M;2020;Clarence
6;M;2020;Vincent
6;M;2020;Yoann
6;F;2020;Anaya
6;F;2020;Ela
6;F;2020;Faith
5;M;2020;Aden
5;M;2020;Faël
5;M;2020;Honoré
5;M;2020;Joakim
5;M;2020;Robinson
5;M;2020;Younès
5;F;2020;Alima
5;F;2020;Camelia
5;F;2020;Keïla
125;F;2020;Jade
104;M;2020;Liam
76;M;2020;Marceau
64;F;2020;Léna
62;M;2020;Yanis
61;M;2020;Andrea
54;M;2020;Elias
51;M;2020;César
44;F;2020;Brune
44;F;2020;Raphaëlle
39;M;2020;Marcel
36;F;2020;Daphné
32;F;2020;Eden
31;F;2020;Ines
26;M;2020;Samy
23;F;2020;Bintou
23;F;2020;Paloma
22;F;2020;Emna
21;F;2020;Dina
20;M;2020;Cheick
20;M;2020;Zayn
20;F;2020;Castille
20;F;2020;Faustine
17;M;2020;Ambroise
17;F;2020;June
15;M;2020;Mattéo
14;M;2020;Mayron
14;F;2020;Diana
13;M;2020;Luka
13;M;2020;Thibault
11;M;2020;Sandro
11;F;2020;Grace
10;M;2020;Levi
9;M;2020;Dimitri
9;F;2020;Aline
9;F;2020;Olga
9;F;2020;Prune
8;M;2020;Aimé
8;M;2020;Kenzo
7;M;2020;Maé
7;M;2020;Souleyman
7;F;2020;Yasmina
6;M;2020;Caleb
6;M;2020;Jean-Baptiste
6;M;2020;Matias
6;M;2020;Roch
6;F;2020;Lynn
6;F;2020;Maëlie
6;F;2020;Shanna
6;F;2020;Théodora
5;M;2020;Edward
5;M;2020;Vianney
5;F;2020;Ciara
5;F;2020;Meryem
5;F;2020;Zeynab
188;M;2020;Mohamed
162;M;2020;Léo
136;F;2020;Rose
109;M;2020;Côme
98;M;2020;Aaron
97;F;2020;Victoire
77;F;2020;Agathe
64;F;2020;Inaya
52;F;2020;Aminata
51;M;2020;Achille
51;M;2020;Solal
49;F;2020;Yasmine
45;F;2020;Albane
44;M;2020;Elie
44;M;2020;Evan
43;F;2020;Noa
38;F;2020;Thelma
31;F;2020;Élise
28;M;2020;Jacob
24;F;2020;Lyna
22;M;2020;Adama
18;F;2020;Maxine
17;M;2020;Milan
17;F;2020;Fatou
17;F;2020;Nélia
17;F;2020;Ninon
16;M;2020;Julian
15;M;2020;Lino
15;F;2020;Mélissa
15;F;2020;Sienna
14;F;2020;Flore
12;M;2020;Ewen
12;M;2020;Melchior
12;M;2020;Yann
12;F;2020;Alia
11;M;2020;Kevin
11;M;2020;Mahamadou
11;F;2020;Aria
11;F;2020;Malia
10;M;2020;Aly
9;M;2020;Daouda
9;M;2020;Ilyane
9;M;2020;Joaquim
9;M;2020;Lévi
9;M;2020;Rafaël
9;F;2020;Mara
8;M;2020;Aïden
8;M;2020;Anthony
8;M;2020;Ayan
8;M;2020;Isayah
8;F;2020;Marthe
7;F;2020;Leonor
6;F;2020;Dayana
6;F;2020;Eileen
6;F;2020;Léone
6;F;2020;Linoy
6;F;2020;Masha
6;F;2020;Solène
5;M;2020;Aharon
5;M;2020;Ayaan
5;M;2020;Yahia
5;F;2020;Divine
5;F;2020;Myla
114;F;2020;Olivia
111;M;2020;Sacha
94;F;2020;Charlie
63;M;2020;Léonard
54;F;2020;Sophia
46;F;2020;Aïcha
43;M;2020;James
37;M;2020;Edgar
33;M;2020;Émile
30;F;2020;Bianca
24;M;2020;Luca
24;F;2020;Louna
23;M;2020;Alban
23;F;2020;Axelle
22;F;2020;Rita
21;M;2020;Gaël
21;F;2020;Mahaut
20;M;2020;Stanislas
20;F;2020;Lara
18;M;2020;Muhammad
18;M;2020;Noham
17;M;2020;Orso
17;F;2020;Janna
16;M;2020;Anis
16;M;2020;Saul
16;M;2020;Swann
15;M;2020;Milhan
14;F;2020;Clémentine
14;F;2020;Gabriela
13;M;2020;Abdallah
13;M;2020;Elon
13;F;2020;Kadiatou
13;F;2020;Soline
12;F;2020;Izia
12;F;2020;Maylis
11;M;2020;Jonah
11;M;2020;Marc
11;F;2020;Mariame
11;F;2020;Zahra
10;M;2020;Grégoire
9;M;2020;Ian
9;M;2020;Menahem
9;F;2020;Marianne
9;F;2020;Sélène
8;M;2020;Albert
8;M;2020;Imrân
8;M;2020;Iyed
8;M;2020;Zakarya
8;F;2020;Athénaïs
8;F;2020;Naomie
7;M;2020;Kays
7;F;2020;Aïsha
6;M;2020;Christian
6;M;2020;Malek
6;F;2020;Bertille
6;F;2020;Jodie
6;F;2020;Keren
6;F;2020;Morgane
6;F;2020;Nahla
6;F;2020;Rosie
5;M;2020;Laurent
5;F;2020;Annabelle
5;F;2020;Ethel
5;F;2020;Ruby
5;F;2020;Tahira
6;F;2020;Mayline
6;F;2020;Nadine
6;F;2020;Niouma
5;M;2020;Assad
5;M;2020;Cyrus
5;M;2020;Eytan
5;M;2020;Idrissa
5;M;2020;Kyan
5;M;2020;Racim
5;M;2020;Ramy
5;M;2020;Tao
5;M;2020;Téo
5;F;2020;Adja
5;F;2020;Deborah
5;F;2020;Jane
5;F;2020;Ramata
114;F;2020;Joséphine
106;M;2020;Ibrahim
93;F;2020;Mila
73;M;2020;Ulysse
72;F;2020;Suzanne
66;M;2020;Thomas
55;M;2020;Adrien
52;F;2020;Roxane
49;F;2020;Constance
41;M;2020;Daniel
40;F;2020;Salomé
30;M;2020;Djibril
30;F;2020;Louison
27;M;2020;Armand
26;M;2020;Constantin
23;F;2020;Jennah
22;F;2020;Augustine
22;F;2020;Eugénie
21;F;2020;Joy
19;M;2020;Raphael
18;M;2020;Emile
17;M;2020;Matteo
16;F;2020;Lia
15;F;2020;Isra
15;F;2020;Neyla
14;M;2020;Julien
12;F;2020;Maxime
10;M;2020;Colin
10;M;2020;Lassana
10;M;2020;Nassim
10;M;2020;Romain
10;M;2020;Salim
10;M;2020;Yossef
10;F;2020;Layla
9;F;2020;Abigaïl
9;F;2020;Lahna
8;M;2020;Zachary
8;F;2020;Anya
8;F;2020;Isabella
8;F;2020;Ombeline
7;M;2020;Elyes
7;M;2020;Jessim
7;F;2020;Maeva
7;F;2020;Nicole
6;M;2020;Niels
6;M;2020;Silas
6;F;2020;Alyah
158;M;2020;Paul
105;F;2020;Ella
101;F;2020;Margaux
97;F;2020;Iris
84;F;2020;Zoé
74;M;2020;Charles
63;F;2020;Apolline
51;M;2020;Aylan
48;M;2020;David
46;F;2020;Marie
37;M;2020;Ilyes
30;M;2020;Mathéo
29;M;2020;Hamza
29;F;2020;Jasmine
26;M;2020;Jacques
25;F;2020;Judith
24;F;2020;Cléo
24;F;2020;Talia
23;M;2020;Adem
23;F;2020;Oumou
20;M;2020;Hadrien
20;F;2020;Laura
19;F;2020;Tara
18;M;2020;Adel
18;M;2020;Leo
18;F;2020;Mahault
18;F;2020;Mélina
18;F;2020;Pauline
17;M;2020;Isaiah
16;F;2020;Camélia
15;M;2020;Gianni
15;M;2020;Hayden
15;F;2020;Lehna
14;M;2020;Elyas
13;M;2020;Célestin
13;M;2020;Mahdi
13;F;2020;Pénélope
12;M;2020;Alix
12;F;2020;Eléa
12;F;2020;Estelle
11;F;2020;Assil
11;F;2020;Dana
10;M;2020;Dan
10;F;2020;Colombe
9;M;2020;Eyal
9;F;2020;Lucia
9;F;2020;Maé
9;F;2020;Tahel
9;F;2020;Yara
8;M;2020;Lewis
8;M;2020;Yacine
8;F;2020;Leyla
7;M;2020;Youcef
7;F;2020;Ariana
7;F;2020;Avril
7;F;2020;Baya
7;F;2020;Maddalena
7;F;2020;Milena
7;F;2020;Sanaa
6;M;2020;Chahine
6;M;2020;Mickaël
6;M;2020;Yanni
6;F;2020;Aisha
6;F;2020;Ange
6;F;2020;Catherine
6;F;2020;Élina
6;F;2020;Gina
5;M;2020;Alpha
5;M;2020;Dante
5;M;2020;Jérémy
5;M;2020;Jude
5;M;2020;Mohamed-Lamine
5;M;2020;Zack
5;F;2020;Asmaa
5;F;2020;Beya
5;F;2020;Bonnie
5;F;2020;Félicie
5;F;2020;Hanae
5;F;2020;Nell
5;F;2020;Orlane
5;F;2020;Ramatoulaye
5;F;2020;Rokia
5;F;2020;Sia
150;M;2020;Léon
125;M;2020;Augustin
85;F;2020;Héloïse
76;F;2020;Romane
68;M;2020;Ethan
65;M;2020;Félix
56;M;2020;Hector
56;M;2020;Maxence
44;F;2020;Alya
36;F;2020;Hanna
35;F;2020;Hortense
34;F;2020;Khadija
30;M;2020;Zakaria
26;M;2020;Mehdi
26;F;2020;Théa
25;M;2020;Ismaïl
23;M;2020;Anton
21;F;2020;Blanche
19;M;2020;Mohammed
19;F;2020;Jana
18;M;2020;Pio
16;F;2020;Gloria
14;M;2020;Aristide
14;M;2020;Mateo
14;F;2020;Emilia
13;F;2020;Justine
12;M;2020;Issam
12;M;2020;Joud
12;M;2020;Nils
12;M;2020;Vladimir
11;F;2020;Luce
10;M;2020;Lou
9;M;2020;Giulian
9;M;2020;Zayd
9;F;2020;Charline
8;F;2020;Celia
8;F;2020;Éva
8;F;2020;Eve
7;M;2020;Nelson
7;F;2020;Avital
7;F;2020;Razan
6;F;2020;Philomène
5;M;2020;Angelo
5;M;2020;Selyan
5;F;2020;Agatha
5;F;2020;Anissa
5;F;2020;Madeline
5;F;2020;Martha
5;F;2020;Noura
246;M;2020;Louis
139;M;2020;Lucas
115;M;2020;Hugo
76;F;2020;Léonie
54;F;2020;Clémence
54;F;2020;Margot
48;M;2020;Marin
47;M;2020;Ayoub
45;M;2020;William
39;F;2020;Ellie
33;M;2020;Joachim
30;F;2020;Aliénor
30;F;2020;Amina
29;M;2020;Youssouf
27;F;2020;Awa
26;M;2020;Matthieu
25;M;2020;Nathanaël
22;M;2020;Nahil
21;F;2020;Ariane
19;M;2020;Diego
19;F;2020;Coline
18;F;2020;Elina
15;F;2020;Manel
14;M;2020;Ange
14;M;2020;Dylan
14;M;2020;Mahé
14;F;2020;Angèle
14;F;2020;Halima
13;M;2020;Aksel
13;F;2020;Amélie
11;M;2020;Elijah
11;F;2020;Aïda
11;F;2020;Liya
10;M;2020;Matthias
10;M;2020;Naor
8;M;2020;Christ
8;F;2020;Carla
8;F;2020;Helena
7;M;2020;Eren
7;M;2020;Lysandre
7;M;2020;Rayane
7;M;2020;Tobias
7;F;2020;Héléna
6;M;2020;Eric
6;M;2020;Gustavo
6;M;2020;Haron
6;M;2020;Milhane
6;M;2020;Samba
6;M;2020;Stefan
6;M;2020;Yacouba
6;F;2020;Élia
6;F;2020;Éloïse
6;F;2020;Élyne
6;F;2020;Naïma
6;F;2020;Noée
6;F;2020;Oriane
5;M;2020;Clovis
5;M;2020;Mickael
5;M;2020;Noâm
5;F;2020;Elyssa
5;F;2020;Francesca
5;F;2020;Nada
6;F;2020;Louve
6;F;2020;Maelys
6;F;2020;Marnie
6;F;2020;Meryl
5;M;2020;Barnabé
5;M;2020;Boubou
5;M;2020;Eddy
5;M;2020;Ishak
5;M;2020;Jack
5;M;2020;Makan
5;M;2020;Walid
5;F;2020;Calie
5;F;2020;Catalina
5;F;2020;Luisa
5;F;2020;Matilde
5;F;2020;Quitterie
252;M;2020;Raphaël
138;F;2020;Anna
113;M;2020;Noé
86;M;2020;Ismaël
49;M;2020;Imran
46;F;2020;Mathilde
43;F;2020;Liv
40;M;2020;Benjamin
40;M;2020;Gabin
39;M;2020;Pierre
33;M;2020;Naïm
29;F;2020;Mya
26;F;2020;Sophie
25;F;2020;Norah
21;F;2020;Lison
18;M;2020;Oumar
15;F;2020;Assya
14;M;2020;Ryan
14;F;2020;Ayline
13;M;2020;Timothé
12;M;2020;Neil
12;F;2020;Arya
11;M;2020;Édouard
11;F;2020;Léopoldine
10;M;2020;Ari
10;M;2020;Habib
10;F;2020;Ania
10;F;2020;Gisèle
9;F;2020;Amandine
9;F;2020;Astrid
9;F;2020;Emily
9;F;2020;Nine
8;M;2020;El
8;M;2020;Imrane
8;M;2020;Moustapha
7;M;2020;Mael
7;M;2020;Michael
7;M;2020;Ziyad
7;F;2020;Firdaws
7;F;2020;Milla
7;F;2020;Rachel
6;M;2020;Andrew
6;M;2020;Aymeric
6;M;2020;Etienne
6;M;2020;Gaspar
6;M;2020;Nissim
6;M;2020;Sixte
6;F;2020;Arielle
6;F;2020;Solveig
5;M;2020;Eliel
5;M;2020;Hélio
5;M;2020;Merlin
5;M;2020;Shaï
5;F;2020;Adeline
5;F;2020;Alessia
5;F;2020;Élisabeth
5;F;2020;Enora
5;F;2020;Hiba
5;F;2020;Kali
5;F;2020;Téa
114;M;2020;Jules
102;M;2020;Samuel
98;M;2020;Oscar
83;F;2020;Ava
57;M;2020;Ali
51;F;2020;Alicia
50;F;2020;Anaïs
47;M;2020;Baptiste
40;M;2020;Vadim
39;M;2020;Anatole
31;M;2020;Charlie
30;M;2020;Ariel
30;M;2020;Ousmane
24;M;2020;Abdoulaye
22;M;2020;Ismael
21;M;2020;Wassim
20;F;2020;Maëlys
19;F;2020;Célia
19;F;2020;Ysée
18;M;2020;Éloi
18;M;2020;Kayden
18;F;2020;Fanta
15;M;2020;Dario
15;F;2020;Emmy
14;F;2020;Tessa
13;M;2020;Darius
13;M;2020;Hedi
13;M;2020;Marcus
13;F;2020;Assa
12;F;2020;Hafsa
12;F;2020;Rym
10;F;2020;Adélie
9;M;2020;Aksil
9;M;2020;Gauthier
9;M;2020;Jaden
9;M;2020;Rémi
9;M;2020;Siméon
9;F;2020;Lilou
9;F;2020;Lylia
8;M;2020;Aliocha
8;M;2020;Nil
7;M;2020;Carl
7;M;2020;Gary
7;F;2020;Amaya
7;F;2020;Camila
7;F;2020;Clarisse
7;F;2020;Goundo
7;F;2020;Grâce
7;F;2020;Maimouna
7;F;2020;Sakina
6;M;2020;Ivan
6;M;2020;Maëlan
6;M;2020;Michel
6;F;2020;Cloé
118;F;2020;Adèle
90;M;2020;Axel
89;M;2020;Maël
89;F;2020;Ambre
70;M;2020;Camille
52;M;2020;Anas
47;F;2020;Giulia
45;M;2020;Robin
44;F;2020;Isaure
44;F;2020;Maria
37;M;2020;Ernest
31;F;2020;Selma
30;F;2020;Lisa
29;M;2020;Noa
27;M;2020;Léandre
25;M;2020;Roman
23;F;2020;Lena
20;M;2020;Iyad
19;M;2020;Amine
19;M;2020;Esteban
16;M;2020;Emilio
16;M;2020;Kassim
16;M;2020;Lorenzo
16;F;2020;Elya
16;F;2020;Naya
15;F;2020;Joyce
14;M;2020;Ben
14;M;2020;Bilal
12;F;2020;Elia
12;F;2020;Miya
10;M;2020;Alex
10;M;2020;Bastien
10;M;2020;Soren
10;F;2020;Athéna
10;F;2020;Elly
9;M;2020;Bryan
9;F;2020;Ora
8;M;2020;Yohan
8;F;2020;Lilas
8;F;2020;Sacha
7;M;2020;Charly
7;M;2020;Eliakim
7;M;2020;Karim
7;M;2020;Leon
7;F;2020;Zeinab
6;F;2020;Abigaëlle
6;F;2020;Linda
6;F;2020;Zina
5;M;2020;Blaise
5;M;2020;Swan
5;F;2020;Armance
5;F;2020;Fatimata
5;F;2020;Lennie
5;F;2020;Meriem
162;F;2020;Alice
79;F;2020;Nour
77;M;2020;Octave
51;M;2020;Georges
40;M;2020;Joshua
40;M;2020;Mamadou
38;F;2020;Capucine
28;F;2020;Lilia
28;F;2020;Myriam
26;M;2020;Ruben
25;F;2020;Elise
22;F;2020;Livia
21;F;2020;Cassandre
20;F;2020;Aurore
20;F;2020;Ysé
19;M;2020;Maximilien
18;F;2020;Amélia
18;F;2020;Amira
17;M;2020;Philippe
16;F;2020;Aimée
16;F;2020;Sirine
14;M;2020;Eugène
14;F;2020;Nola
13;M;2020;Idris
13;F;2020;Amy
13;F;2020;Éléa
13;F;2020;Leïla
13;F;2020;Mariama
12;M;2020;Ferdinand
12;M;2020;Mathys
11;M;2020;Johan
9;M;2020;Eyden
8;M;2020;Alessio
8;F;2020;Leyna
8;F;2020;Talya
7;M;2020;Joey
7;M;2020;Louka
7;M;2020;Seydou
6;M;2020;Amara
6;F;2020;Alyssa
6;F;2020;Eléanore
6;F;2020;Elyne
5;M;2020;Benoît
5;M;2020;Éli
5;M;2020;Elian
5;M;2020;Esaïe
5;M;2020;Jordan
5;M;2020;Juba
5;M;2020;Loïs
5;M;2020;Mouhamadou
5;M;2020;Selim
5;M;2020;Yoan
5;F;2020;Armelle
5;F;2020;Emmanuella
5;F;2020;Noya
6;F;2020;Leila
6;F;2020;Syrine
6;F;2020;Tess
5;M;2020;Alistair
5;M;2020;Edmond
5;M;2020;Enaël
5;M;2020;Moshé
5;M;2020;Yaya
5;M;2020;Yuri
5;M;2020;Zach
5;F;2020;Kadidiatou
190;M;2020;Victor
149;F;2020;Léa
119;F;2020;Gabrielle
69;M;2020;Timothée
56;M;2020;Noam
52;M;2020;Moussa
46;M;2020;Nolan
38;M;2020;Haroun
38;F;2020;Fatima
35;F;2020;Maryam
30;M;2020;Ilyas
28;M;2020;Edouard
26;F;2020;Eléonore
19;F;2020;Andréa
17;F;2020;Salma
17;F;2020;Violette
14;F;2020;Irène
14;F;2020;Julie
14;F;2020;Nélya
13;M;2020;Adrian
13;F;2020;Angelina
12;M;2020;Elliot
12;F;2020;Daria
11;F;2020;Aliya
11;F;2020;Ève
10;F;2020;Aïssatou
10;F;2020;Line
10;F;2020;Océane
10;F;2020;Tesnim
9;M;2020;Aziz
9;M;2020;Constant
9;M;2020;Mendel
9;F;2020;Candice
9;F;2020;Hélène
9;F;2020;Lili
9;F;2020;Tal
8;F;2020;Ayana
7;M;2020;Guillaume
7;M;2020;Jawad
7;M;2020;Sofiane
7;M;2020;Thiago
7;M;2020;Youri
7;F;2020;France
7;F;2020;Israa
7;F;2020;Malak
6;M;2020;Barthélemy
6;M;2020;Warren
6;M;2020;Yaël
6;F;2020;Joanne
6;F;2020;Maïwenn
6;F;2020;Shira
6;F;2020;Shirel
6;F;2020;Yousra
5;M;2020;Dayan
5;M;2020;Mahmoud
5;M;2020;Mamady
5;F;2020;Anaë
5;F;2020;Béatrice
5;F;2020;Domitille
5;F;2020;Nafissatou
175;M;2020;Isaac
141;F;2020;Chloé
114;F;2020;Charlotte
43;F;2020;Anouk
43;F;2020;Nora
35;F;2020;Lise
34;F;2020;Stella
31;F;2020;Louisa
30;M;2020;Omar
27;F;2020;Colette
25;F;2020;Nelya
22;F;2020;Lilya
19;M;2020;Yassine
17;F;2020;Gabriella
16;F;2020;Maïssa
15;F;2020;Paola
14;F;2020;Céline
13;M;2020;Harry
12;M;2020;Amadou
12;F;2020;Ayla
12;F;2020;Ivy
11;F;2020;Léana
10;M;2020;Mouhamed
10;M;2020;Qassim
10;F;2020;Aaliyah
10;F;2020;Léane
10;F;2020;Liyah
9;M;2020;Cheikh
9;F;2020;Djeneba
9;F;2020;Kamila
9;F;2020;Layana
8;M;2020;Jonathan
8;M;2020;Sidy
7;M;2020;Demba
7;M;2020;Eloi
7;M;2020;Melvil
7;F;2020;Eléanor
7;F;2020;Eléna
7;F;2020;Olympia
7;F;2020;Suzie
6;M;2020;Maxim
6;F;2020;Alina
6;F;2020;Esma
